[      30ms] [LOG] [Fast Refresh] done in 5ms @ http://localhost:3000/_next/static/chunks/node_modules_next_dist_1e8vcs8._.js:776
[     318ms] [INFO] %cDownload the React DevTools for a better development experience: https://react.dev/link/react-devtools font-weight:bold @ http://localhost:3000/_next/static/chunks/node_modules_next_dist_1e8vcs8._.js:776
[     365ms] [LOG] [HMR] connected @ http://localhost:3000/_next/static/chunks/node_modules_next_dist_1e8vcs8._.js:776
[   75968ms] [LOG] [Fast Refresh] rebuilding @ http://localhost:3000/_next/static/chunks/node_modules_next_dist_1e8vcs8._.js:776
[   76102ms] [LOG] [Fast Refresh] done in 20ms @ http://localhost:3000/_next/static/chunks/node_modules_next_dist_1e8vcs8._.js:776
[   77856ms] [LOG] [Fast Refresh] rebuilding @ http://localhost:3000/_next/static/chunks/node_modules_next_dist_1e8vcs8._.js:776
[   78128ms] [LOG] [Fast Refresh] done in 7ms @ http://localhost:3000/_next/static/chunks/node_modules_next_dist_1e8vcs8._.js:776
[   78202ms] [LOG] [Fast Refresh] done in 7ms @ http://localhost:3000/_next/static/chunks/node_modules_next_dist_1e8vcs8._.js:776
[   78273ms] [LOG] [Fast Refresh] done in 7ms @ http://localhost:3000/_next/static/chunks/node_modules_next_dist_1e8vcs8._.js:776
[   78335ms] [LOG] [Fast Refresh] done in 7ms @ http://localhost:3000/_next/static/chunks/node_modules_next_dist_1e8vcs8._.js:776
[   78385ms] [LOG] [Fast Refresh] done in 7ms @ http://localhost:3000/_next/static/chunks/node_modules_next_dist_1e8vcs8._.js:776
[   78450ms] [LOG] [Fast Refresh] done in 7ms @ http://localhost:3000/_next/static/chunks/node_modules_next_dist_1e8vcs8._.js:776
[   78499ms] [LOG] [Fast Refresh] done in 7ms @ http://localhost:3000/_next/static/chunks/node_modules_next_dist_1e8vcs8._.js:776
[   78554ms] [LOG] [Fast Refresh] done in 7ms @ http://localhost:3000/_next/static/chunks/node_modules_next_dist_1e8vcs8._.js:776
[   78604ms] [LOG] [Fast Refresh] done in 7ms @ http://localhost:3000/_next/static/chunks/node_modules_next_dist_1e8vcs8._.js:776
[   78648ms] [LOG] [Fast Refresh] done in 7ms @ http://localhost:3000/_next/static/chunks/node_modules_next_dist_1e8vcs8._.js:776
[   78717ms] [LOG] [Fast Refresh] done in 7ms @ http://localhost:3000/_next/static/chunks/node_modules_next_dist_1e8vcs8._.js:776
[   78779ms] [LOG] [Fast Refresh] done in 7ms @ http://localhost:3000/_next/static/chunks/node_modules_next_dist_1e8vcs8._.js:776
[   78843ms] [LOG] [Fast Refresh] done in 7ms @ http://localhost:3000/_next/static/chunks/node_modules_next_dist_1e8vcs8._.js:776
[   78892ms] [LOG] [Fast Refresh] done in 7ms @ http://localhost:3000/_next/static/chunks/node_modules_next_dist_1e8vcs8._.js:776
[   78947ms] [LOG] [Fast Refresh] done in 7ms @ http://localhost:3000/_next/static/chunks/node_modules_next_dist_1e8vcs8._.js:776
[   78997ms] [LOG] [Fast Refresh] done in 7ms @ http://localhost:3000/_next/static/chunks/node_modules_next_dist_1e8vcs8._.js:776
[   79045ms] [LOG] [Fast Refresh] done in 7ms @ http://localhost:3000/_next/static/chunks/node_modules_next_dist_1e8vcs8._.js:776
[   79093ms] [LOG] [Fast Refresh] done in 7ms @ http://localhost:3000/_next/static/chunks/node_modules_next_dist_1e8vcs8._.js:776
[   79157ms] [LOG] [Fast Refresh] done in 7ms @ http://localhost:3000/_next/static/chunks/node_modules_next_dist_1e8vcs8._.js:776
[   79205ms] [LOG] [Fast Refresh] done in 7ms @ http://localhost:3000/_next/static/chunks/node_modules_next_dist_1e8vcs8._.js:776
[   79253ms] [LOG] [Fast Refresh] done in 7ms @ http://localhost:3000/_next/static/chunks/node_modules_next_dist_1e8vcs8._.js:776
[   79300ms] [LOG] [Fast Refresh] done in 7ms @ http://localhost:3000/_next/static/chunks/node_modules_next_dist_1e8vcs8._.js:776
[   79349ms] [LOG] [Fast Refresh] done in 7ms @ http://localhost:3000/_next/static/chunks/node_modules_next_dist_1e8vcs8._.js:776
[   79396ms] [LOG] [Fast Refresh] done in 7ms @ http://localhost:3000/_next/static/chunks/node_modules_next_dist_1e8vcs8._.js:776
[   79460ms] [LOG] [Fast Refresh] done in 7ms @ http://localhost:3000/_next/static/chunks/node_modules_next_dist_1e8vcs8._.js:776
[   79508ms] [LOG] [Fast Refresh] done in 7ms @ http://localhost:3000/_next/static/chunks/node_modules_next_dist_1e8vcs8._.js:776
[   79556ms] [LOG] [Fast Refresh] done in 7ms @ http://localhost:3000/_next/static/chunks/node_modules_next_dist_1e8vcs8._.js:776
[   79605ms] [LOG] [Fast Refresh] done in 7ms @ http://localhost:3000/_next/static/chunks/node_modules_next_dist_1e8vcs8._.js:776
[   79669ms] [LOG] [Fast Refresh] done in 7ms @ http://localhost:3000/_next/static/chunks/node_modules_next_dist_1e8vcs8._.js:776
[   79732ms] [LOG] [Fast Refresh] done in 7ms @ http://localhost:3000/_next/static/chunks/node_modules_next_dist_1e8vcs8._.js:776
[   79796ms] [LOG] [Fast Refresh] done in 7ms @ http://localhost:3000/_next/static/chunks/node_modules_next_dist_1e8vcs8._.js:776
[   79860ms] [LOG] [Fast Refresh] done in 7ms @ http://localhost:3000/_next/static/chunks/node_modules_next_dist_1e8vcs8._.js:776
[   79907ms] [LOG] [Fast Refresh] done in 7ms @ http://localhost:3000/_next/static/chunks/node_modules_next_dist_1e8vcs8._.js:776
[   79957ms] [LOG] [Fast Refresh] done in 7ms @ http://localhost:3000/_next/static/chunks/node_modules_next_dist_1e8vcs8._.js:776
[   80015ms] [LOG] [Fast Refresh] done in 7ms @ http://localhost:3000/_next/static/chunks/node_modules_next_dist_1e8vcs8._.js:776
[   80063ms] [LOG] [Fast Refresh] done in 7ms @ http://localhost:3000/_next/static/chunks/node_modules_next_dist_1e8vcs8._.js:776
[   80126ms] [LOG] [Fast Refresh] done in 7ms @ http://localhost:3000/_next/static/chunks/node_modules_next_dist_1e8vcs8._.js:776
[   80174ms] [LOG] [Fast Refresh] done in 7ms @ http://localhost:3000/_next/static/chunks/node_modules_next_dist_1e8vcs8._.js:776
[   80221ms] [LOG] [Fast Refresh] done in 7ms @ http://localhost:3000/_next/static/chunks/node_modules_next_dist_1e8vcs8._.js:776
[   80269ms] [LOG] [Fast Refresh] done in 7ms @ http://localhost:3000/_next/static/chunks/node_modules_next_dist_1e8vcs8._.js:776
[   80316ms] [LOG] [Fast Refresh] done in 7ms @ http://localhost:3000/_next/static/chunks/node_modules_next_dist_1e8vcs8._.js:776
[   80365ms] [LOG] [Fast Refresh] done in 7ms @ http://localhost:3000/_next/static/chunks/node_modules_next_dist_1e8vcs8._.js:776
[   80413ms] [LOG] [Fast Refresh] done in 7ms @ http://localhost:3000/_next/static/chunks/node_modules_next_dist_1e8vcs8._.js:776
[   80476ms] [LOG] [Fast Refresh] done in 7ms @ http://localhost:3000/_next/static/chunks/node_modules_next_dist_1e8vcs8._.js:776
[   80525ms] [LOG] [Fast Refresh] done in 7ms @ http://localhost:3000/_next/static/chunks/node_modules_next_dist_1e8vcs8._.js:776
[   80588ms] [LOG] [Fast Refresh] done in 7ms @ http://localhost:3000/_next/static/chunks/node_modules_next_dist_1e8vcs8._.js:776
[   80635ms] [LOG] [Fast Refresh] done in 7ms @ http://localhost:3000/_next/static/chunks/node_modules_next_dist_1e8vcs8._.js:776
[   80683ms] [LOG] [Fast Refresh] done in 7ms @ http://localhost:3000/_next/static/chunks/node_modules_next_dist_1e8vcs8._.js:776
[   80731ms] [LOG] [Fast Refresh] done in 7ms @ http://localhost:3000/_next/static/chunks/node_modules_next_dist_1e8vcs8._.js:776
[   80796ms] [LOG] [Fast Refresh] done in 7ms @ http://localhost:3000/_next/static/chunks/node_modules_next_dist_1e8vcs8._.js:776
[   80843ms] [LOG] [Fast Refresh] done in 7ms @ http://localhost:3000/_next/static/chunks/node_modules_next_dist_1e8vcs8._.js:776
[   80892ms] [LOG] [Fast Refresh] done in 7ms @ http://localhost:3000/_next/static/chunks/node_modules_next_dist_1e8vcs8._.js:776
[   80940ms] [LOG] [Fast Refresh] done in 7ms @ http://localhost:3000/_next/static/chunks/node_modules_next_dist_1e8vcs8._.js:776
[   80990ms] [LOG] [Fast Refresh] done in 7ms @ http://localhost:3000/_next/static/chunks/node_modules_next_dist_1e8vcs8._.js:776
[   81031ms] [LOG] [Fast Refresh] done in 7ms @ http://localhost:3000/_next/static/chunks/node_modules_next_dist_1e8vcs8._.js:776
[   81127ms] [LOG] [Fast Refresh] done in 7ms @ http://localhost:3000/_next/static/chunks/node_modules_next_dist_1e8vcs8._.js:776
[   81191ms] [LOG] [Fast Refresh] done in 7ms @ http://localhost:3000/_next/static/chunks/node_modules_next_dist_1e8vcs8._.js:776
[   81239ms] [LOG] [Fast Refresh] done in 7ms @ http://localhost:3000/_next/static/chunks/node_modules_next_dist_1e8vcs8._.js:776
[   81304ms] [LOG] [Fast Refresh] done in 7ms @ http://localhost:3000/_next/static/chunks/node_modules_next_dist_1e8vcs8._.js:776
[   81351ms] [LOG] [Fast Refresh] done in 7ms @ http://localhost:3000/_next/static/chunks/node_modules_next_dist_1e8vcs8._.js:776
[   81400ms] [LOG] [Fast Refresh] done in 7ms @ http://localhost:3000/_next/static/chunks/node_modules_next_dist_1e8vcs8._.js:776
[   81448ms] [LOG] [Fast Refresh] done in 7ms @ http://localhost:3000/_next/static/chunks/node_modules_next_dist_1e8vcs8._.js:776
[   81496ms] [LOG] [Fast Refresh] done in 7ms @ http://localhost:3000/_next/static/chunks/node_modules_next_dist_1e8vcs8._.js:776
[   81561ms] [LOG] [Fast Refresh] done in 7ms @ http://localhost:3000/_next/static/chunks/node_modules_next_dist_1e8vcs8._.js:776
[   81608ms] [LOG] [Fast Refresh] done in 7ms @ http://localhost:3000/_next/static/chunks/node_modules_next_dist_1e8vcs8._.js:776
[   81655ms] [LOG] [Fast Refresh] done in 7ms @ http://localhost:3000/_next/static/chunks/node_modules_next_dist_1e8vcs8._.js:776
[   81705ms] [LOG] [Fast Refresh] done in 7ms @ http://localhost:3000/_next/static/chunks/node_modules_next_dist_1e8vcs8._.js:776
[   81752ms] [LOG] [Fast Refresh] done in 7ms @ http://localhost:3000/_next/static/chunks/node_modules_next_dist_1e8vcs8._.js:776
[   81800ms] [LOG] [Fast Refresh] done in 7ms @ http://localhost:3000/_next/static/chunks/node_modules_next_dist_1e8vcs8._.js:776
[   81849ms] [LOG] [Fast Refresh] done in 7ms @ http://localhost:3000/_next/static/chunks/node_modules_next_dist_1e8vcs8._.js:776
[   81913ms] [LOG] [Fast Refresh] done in 7ms @ http://localhost:3000/_next/static/chunks/node_modules_next_dist_1e8vcs8._.js:776
[   81961ms] [LOG] [Fast Refresh] done in 7ms @ http://localhost:3000/_next/static/chunks/node_modules_next_dist_1e8vcs8._.js:776
[   82008ms] [LOG] [Fast Refresh] done in 7ms @ http://localhost:3000/_next/static/chunks/node_modules_next_dist_1e8vcs8._.js:776
[   82061ms] [LOG] [Fast Refresh] done in 7ms @ http://localhost:3000/_next/static/chunks/node_modules_next_dist_1e8vcs8._.js:776
[   82110ms] [LOG] [Fast Refresh] done in 7ms @ http://localhost:3000/_next/static/chunks/node_modules_next_dist_1e8vcs8._.js:776
[   82162ms] [LOG] [Fast Refresh] done in 7ms @ http://localhost:3000/_next/static/chunks/node_modules_next_dist_1e8vcs8._.js:776
[   82225ms] [LOG] [Fast Refresh] done in 7ms @ http://localhost:3000/_next/static/chunks/node_modules_next_dist_1e8vcs8._.js:776
[   82289ms] [LOG] [Fast Refresh] done in 7ms @ http://localhost:3000/_next/static/chunks/node_modules_next_dist_1e8vcs8._.js:776
[   82352ms] [LOG] [Fast Refresh] done in 7ms @ http://localhost:3000/_next/static/chunks/node_modules_next_dist_1e8vcs8._.js:776
[   82400ms] [LOG] [Fast Refresh] done in 7ms @ http://localhost:3000/_next/static/chunks/node_modules_next_dist_1e8vcs8._.js:776
[   82449ms] [LOG] [Fast Refresh] done in 7ms @ http://localhost:3000/_next/static/chunks/node_modules_next_dist_1e8vcs8._.js:776
[   82497ms] [LOG] [Fast Refresh] done in 7ms @ http://localhost:3000/_next/static/chunks/node_modules_next_dist_1e8vcs8._.js:776
[   82545ms] [LOG] [Fast Refresh] done in 7ms @ http://localhost:3000/_next/static/chunks/node_modules_next_dist_1e8vcs8._.js:776
[   82593ms] [LOG] [Fast Refresh] done in 7ms @ http://localhost:3000/_next/static/chunks/node_modules_next_dist_1e8vcs8._.js:776
[   82641ms] [LOG] [Fast Refresh] done in 7ms @ http://localhost:3000/_next/static/chunks/node_modules_next_dist_1e8vcs8._.js:776
[   82689ms] [LOG] [Fast Refresh] done in 7ms @ http://localhost:3000/_next/static/chunks/node_modules_next_dist_1e8vcs8._.js:776
[   82738ms] [LOG] [Fast Refresh] done in 7ms @ http://localhost:3000/_next/static/chunks/node_modules_next_dist_1e8vcs8._.js:776
[   82785ms] [LOG] [Fast Refresh] done in 7ms @ http://localhost:3000/_next/static/chunks/node_modules_next_dist_1e8vcs8._.js:776
[   82848ms] [LOG] [Fast Refresh] done in 7ms @ http://localhost:3000/_next/static/chunks/node_modules_next_dist_1e8vcs8._.js:776
[   82897ms] [LOG] [Fast Refresh] done in 7ms @ http://localhost:3000/_next/static/chunks/node_modules_next_dist_1e8vcs8._.js:776
[   82945ms] [LOG] [Fast Refresh] done in 7ms @ http://localhost:3000/_next/static/chunks/node_modules_next_dist_1e8vcs8._.js:776
[   82992ms] [LOG] [Fast Refresh] done in 7ms @ http://localhost:3000/_next/static/chunks/node_modules_next_dist_1e8vcs8._.js:776
[   83040ms] [LOG] [Fast Refresh] done in 7ms @ http://localhost:3000/_next/static/chunks/node_modules_next_dist_1e8vcs8._.js:776
[   83102ms] [LOG] [Fast Refresh] done in 7ms @ http://localhost:3000/_next/static/chunks/node_modules_next_dist_1e8vcs8._.js:776
[   83148ms] [LOG] [Fast Refresh] done in 7ms @ http://localhost:3000/_next/static/chunks/node_modules_next_dist_1e8vcs8._.js:776
[   83209ms] [LOG] [Fast Refresh] done in 7ms @ http://localhost:3000/_next/static/chunks/node_modules_next_dist_1e8vcs8._.js:776
[   83257ms] [LOG] [Fast Refresh] done in 7ms @ http://localhost:3000/_next/static/chunks/node_modules_next_dist_1e8vcs8._.js:776
[   83321ms] [LOG] [Fast Refresh] done in 7ms @ http://localhost:3000/_next/static/chunks/node_modules_next_dist_1e8vcs8._.js:776
[   83384ms] [LOG] [Fast Refresh] done in 7ms @ http://localhost:3000/_next/static/chunks/node_modules_next_dist_1e8vcs8._.js:776
[   83449ms] [LOG] [Fast Refresh] done in 7ms @ http://localhost:3000/_next/static/chunks/node_modules_next_dist_1e8vcs8._.js:776
[   83512ms] [LOG] [Fast Refresh] done in 7ms @ http://localhost:3000/_next/static/chunks/node_modules_next_dist_1e8vcs8._.js:776
[   83576ms] [LOG] [Fast Refresh] done in 7ms @ http://localhost:3000/_next/static/chunks/node_modules_next_dist_1e8vcs8._.js:776
[   83639ms] [LOG] [Fast Refresh] done in 7ms @ http://localhost:3000/_next/static/chunks/node_modules_next_dist_1e8vcs8._.js:776
[   83703ms] [LOG] [Fast Refresh] done in 7ms @ http://localhost:3000/_next/static/chunks/node_modules_next_dist_1e8vcs8._.js:776
[   83752ms] [LOG] [Fast Refresh] done in 7ms @ http://localhost:3000/_next/static/chunks/node_modules_next_dist_1e8vcs8._.js:776
[   83801ms] [LOG] [Fast Refresh] done in 7ms @ http://localhost:3000/_next/static/chunks/node_modules_next_dist_1e8vcs8._.js:776
[   83849ms] [LOG] [Fast Refresh] done in 7ms @ http://localhost:3000/_next/static/chunks/node_modules_next_dist_1e8vcs8._.js:776
[   83914ms] [LOG] [Fast Refresh] done in 7ms @ http://localhost:3000/_next/static/chunks/node_modules_next_dist_1e8vcs8._.js:776
[   83962ms] [LOG] [Fast Refresh] done in 7ms @ http://localhost:3000/_next/static/chunks/node_modules_next_dist_1e8vcs8._.js:776
[   84026ms] [LOG] [Fast Refresh] done in 7ms @ http://localhost:3000/_next/static/chunks/node_modules_next_dist_1e8vcs8._.js:776
[   84074ms] [LOG] [Fast Refresh] done in 7ms @ http://localhost:3000/_next/static/chunks/node_modules_next_dist_1e8vcs8._.js:776
[   84122ms] [LOG] [Fast Refresh] done in 7ms @ http://localhost:3000/_next/static/chunks/node_modules_next_dist_1e8vcs8._.js:776
[   84189ms] [LOG] [Fast Refresh] done in 7ms @ http://localhost:3000/_next/static/chunks/node_modules_next_dist_1e8vcs8._.js:776
[   84241ms] [LOG] [Fast Refresh] done in 7ms @ http://localhost:3000/_next/static/chunks/node_modules_next_dist_1e8vcs8._.js:776
[   84289ms] [LOG] [Fast Refresh] done in 7ms @ http://localhost:3000/_next/static/chunks/node_modules_next_dist_1e8vcs8._.js:776
[   84338ms] [LOG] [Fast Refresh] done in 7ms @ http://localhost:3000/_next/static/chunks/node_modules_next_dist_1e8vcs8._.js:776
[   84387ms] [LOG] [Fast Refresh] done in 7ms @ http://localhost:3000/_next/static/chunks/node_modules_next_dist_1e8vcs8._.js:776
[   84435ms] [LOG] [Fast Refresh] done in 7ms @ http://localhost:3000/_next/static/chunks/node_modules_next_dist_1e8vcs8._.js:776
[   84499ms] [LOG] [Fast Refresh] done in 7ms @ http://localhost:3000/_next/static/chunks/node_modules_next_dist_1e8vcs8._.js:776
[   84547ms] [LOG] [Fast Refresh] done in 7ms @ http://localhost:3000/_next/static/chunks/node_modules_next_dist_1e8vcs8._.js:776
[   84595ms] [LOG] [Fast Refresh] done in 7ms @ http://localhost:3000/_next/static/chunks/node_modules_next_dist_1e8vcs8._.js:776
[   84644ms] [LOG] [Fast Refresh] done in 7ms @ http://localhost:3000/_next/static/chunks/node_modules_next_dist_1e8vcs8._.js:776
[   84693ms] [LOG] [Fast Refresh] done in 7ms @ http://localhost:3000/_next/static/chunks/node_modules_next_dist_1e8vcs8._.js:776
[   84756ms] [LOG] [Fast Refresh] done in 7ms @ http://localhost:3000/_next/static/chunks/node_modules_next_dist_1e8vcs8._.js:776
[   84806ms] [LOG] [Fast Refresh] done in 7ms @ http://localhost:3000/_next/static/chunks/node_modules_next_dist_1e8vcs8._.js:776
[   84852ms] [LOG] [Fast Refresh] done in 7ms @ http://localhost:3000/_next/static/chunks/node_modules_next_dist_1e8vcs8._.js:776
[   84917ms] [LOG] [Fast Refresh] done in 7ms @ http://localhost:3000/_next/static/chunks/node_modules_next_dist_1e8vcs8._.js:776
[   84981ms] [LOG] [Fast Refresh] done in 7ms @ http://localhost:3000/_next/static/chunks/node_modules_next_dist_1e8vcs8._.js:776
[   85045ms] [LOG] [Fast Refresh] done in 7ms @ http://localhost:3000/_next/static/chunks/node_modules_next_dist_1e8vcs8._.js:776
[   85109ms] [LOG] [Fast Refresh] done in 7ms @ http://localhost:3000/_next/static/chunks/node_modules_next_dist_1e8vcs8._.js:776
[   85160ms] [LOG] [Fast Refresh] done in 7ms @ http://localhost:3000/_next/static/chunks/node_modules_next_dist_1e8vcs8._.js:776
[   85208ms] [LOG] [Fast Refresh] done in 7ms @ http://localhost:3000/_next/static/chunks/node_modules_next_dist_1e8vcs8._.js:776
[   85258ms] [LOG] [Fast Refresh] done in 7ms @ http://localhost:3000/_next/static/chunks/node_modules_next_dist_1e8vcs8._.js:776
[   85307ms] [LOG] [Fast Refresh] done in 7ms @ http://localhost:3000/_next/static/chunks/node_modules_next_dist_1e8vcs8._.js:776
[   85354ms] [LOG] [Fast Refresh] done in 7ms @ http://localhost:3000/_next/static/chunks/node_modules_next_dist_1e8vcs8._.js:776
[   85418ms] [LOG] [Fast Refresh] done in 7ms @ http://localhost:3000/_next/static/chunks/node_modules_next_dist_1e8vcs8._.js:776
[   85466ms] [LOG] [Fast Refresh] done in 7ms @ http://localhost:3000/_next/static/chunks/node_modules_next_dist_1e8vcs8._.js:776
[   85530ms] [LOG] [Fast Refresh] done in 7ms @ http://localhost:3000/_next/static/chunks/node_modules_next_dist_1e8vcs8._.js:776
[   85579ms] [LOG] [Fast Refresh] done in 7ms @ http://localhost:3000/_next/static/chunks/node_modules_next_dist_1e8vcs8._.js:776
[   85628ms] [LOG] [Fast Refresh] done in 7ms @ http://localhost:3000/_next/static/chunks/node_modules_next_dist_1e8vcs8._.js:776
[   85674ms] [LOG] [Fast Refresh] done in 7ms @ http://localhost:3000/_next/static/chunks/node_modules_next_dist_1e8vcs8._.js:776
[   85722ms] [LOG] [Fast Refresh] done in 7ms @ http://localhost:3000/_next/static/chunks/node_modules_next_dist_1e8vcs8._.js:776
[   85771ms] [LOG] [Fast Refresh] done in 7ms @ http://localhost:3000/_next/static/chunks/node_modules_next_dist_1e8vcs8._.js:776
[   85819ms] [LOG] [Fast Refresh] done in 7ms @ http://localhost:3000/_next/static/chunks/node_modules_next_dist_1e8vcs8._.js:776
[   85867ms] [LOG] [Fast Refresh] done in 7ms @ http://localhost:3000/_next/static/chunks/node_modules_next_dist_1e8vcs8._.js:776
[   85915ms] [LOG] [Fast Refresh] done in 7ms @ http://localhost:3000/_next/static/chunks/node_modules_next_dist_1e8vcs8._.js:776
[   85965ms] [LOG] [Fast Refresh] done in 7ms @ http://localhost:3000/_next/static/chunks/node_modules_next_dist_1e8vcs8._.js:776
[   86029ms] [LOG] [Fast Refresh] done in 7ms @ http://localhost:3000/_next/static/chunks/node_modules_next_dist_1e8vcs8._.js:776
[   86095ms] [LOG] [Fast Refresh] done in 7ms @ http://localhost:3000/_next/static/chunks/node_modules_next_dist_1e8vcs8._.js:776
[   86141ms] [LOG] [Fast Refresh] done in 7ms @ http://localhost:3000/_next/static/chunks/node_modules_next_dist_1e8vcs8._.js:776
[   86193ms] [LOG] [Fast Refresh] done in 7ms @ http://localhost:3000/_next/static/chunks/node_modules_next_dist_1e8vcs8._.js:776
[   86240ms] [LOG] [Fast Refresh] done in 7ms @ http://localhost:3000/_next/static/chunks/node_modules_next_dist_1e8vcs8._.js:776
[   86290ms] [LOG] [Fast Refresh] done in 7ms @ http://localhost:3000/_next/static/chunks/node_modules_next_dist_1e8vcs8._.js:776
[   86340ms] [LOG] [Fast Refresh] done in 7ms @ http://localhost:3000/_next/static/chunks/node_modules_next_dist_1e8vcs8._.js:776
[   86387ms] [LOG] [Fast Refresh] done in 7ms @ http://localhost:3000/_next/static/chunks/node_modules_next_dist_1e8vcs8._.js:776
[   86452ms] [LOG] [Fast Refresh] done in 7ms @ http://localhost:3000/_next/static/chunks/node_modules_next_dist_1e8vcs8._.js:776
[   86499ms] [LOG] [Fast Refresh] done in 7ms @ http://localhost:3000/_next/static/chunks/node_modules_next_dist_1e8vcs8._.js:776
[   86547ms] [LOG] [Fast Refresh] done in 7ms @ http://localhost:3000/_next/static/chunks/node_modules_next_dist_1e8vcs8._.js:776
[   86612ms] [LOG] [Fast Refresh] done in 7ms @ http://localhost:3000/_next/static/chunks/node_modules_next_dist_1e8vcs8._.js:776
[   86660ms] [LOG] [Fast Refresh] done in 7ms @ http://localhost:3000/_next/static/chunks/node_modules_next_dist_1e8vcs8._.js:776
[   86708ms] [LOG] [Fast Refresh] done in 7ms @ http://localhost:3000/_next/static/chunks/node_modules_next_dist_1e8vcs8._.js:776
[   86772ms] [LOG] [Fast Refresh] done in 7ms @ http://localhost:3000/_next/static/chunks/node_modules_next_dist_1e8vcs8._.js:776
[   86820ms] [LOG] [Fast Refresh] done in 7ms @ http://localhost:3000/_next/static/chunks/node_modules_next_dist_1e8vcs8._.js:776
[   86868ms] [LOG] [Fast Refresh] done in 7ms @ http://localhost:3000/_next/static/chunks/node_modules_next_dist_1e8vcs8._.js:776
[   86933ms] [LOG] [Fast Refresh] done in 7ms @ http://localhost:3000/_next/static/chunks/node_modules_next_dist_1e8vcs8._.js:776
[   86982ms] [LOG] [Fast Refresh] done in 7ms @ http://localhost:3000/_next/static/chunks/node_modules_next_dist_1e8vcs8._.js:776
[   87029ms] [LOG] [Fast Refresh] done in 7ms @ http://localhost:3000/_next/static/chunks/node_modules_next_dist_1e8vcs8._.js:776
[   87093ms] [LOG] [Fast Refresh] done in 7ms @ http://localhost:3000/_next/static/chunks/node_modules_next_dist_1e8vcs8._.js:776
[   87141ms] [LOG] [Fast Refresh] done in 7ms @ http://localhost:3000/_next/static/chunks/node_modules_next_dist_1e8vcs8._.js:776
[   87189ms] [LOG] [Fast Refresh] done in 7ms @ http://localhost:3000/_next/static/chunks/node_modules_next_dist_1e8vcs8._.js:776
[   87253ms] [LOG] [Fast Refresh] done in 7ms @ http://localhost:3000/_next/static/chunks/node_modules_next_dist_1e8vcs8._.js:776
[   87305ms] [LOG] [Fast Refresh] done in 7ms @ http://localhost:3000/_next/static/chunks/node_modules_next_dist_1e8vcs8._.js:776
[   87356ms] [LOG] [Fast Refresh] done in 7ms @ http://localhost:3000/_next/static/chunks/node_modules_next_dist_1e8vcs8._.js:776
[   87403ms] [LOG] [Fast Refresh] done in 7ms @ http://localhost:3000/_next/static/chunks/node_modules_next_dist_1e8vcs8._.js:776
[   87451ms] [LOG] [Fast Refresh] done in 7ms @ http://localhost:3000/_next/static/chunks/node_modules_next_dist_1e8vcs8._.js:776
[   87500ms] [LOG] [Fast Refresh] done in 7ms @ http://localhost:3000/_next/static/chunks/node_modules_next_dist_1e8vcs8._.js:776
[   87548ms] [LOG] [Fast Refresh] done in 7ms @ http://localhost:3000/_next/static/chunks/node_modules_next_dist_1e8vcs8._.js:776
[   87595ms] [LOG] [Fast Refresh] done in 7ms @ http://localhost:3000/_next/static/chunks/node_modules_next_dist_1e8vcs8._.js:776
[   87660ms] [LOG] [Fast Refresh] done in 7ms @ http://localhost:3000/_next/static/chunks/node_modules_next_dist_1e8vcs8._.js:776
[   87708ms] [LOG] [Fast Refresh] done in 7ms @ http://localhost:3000/_next/static/chunks/node_modules_next_dist_1e8vcs8._.js:776
[   87771ms] [LOG] [Fast Refresh] done in 7ms @ http://localhost:3000/_next/static/chunks/node_modules_next_dist_1e8vcs8._.js:776
[   87821ms] [LOG] [Fast Refresh] done in 7ms @ http://localhost:3000/_next/static/chunks/node_modules_next_dist_1e8vcs8._.js:776
[   87876ms] [LOG] [Fast Refresh] done in 7ms @ http://localhost:3000/_next/static/chunks/node_modules_next_dist_1e8vcs8._.js:776
[   87969ms] [LOG] [Fast Refresh] done in 7ms @ http://localhost:3000/_next/static/chunks/node_modules_next_dist_1e8vcs8._.js:776
[   88050ms] [LOG] [Fast Refresh] done in 7ms @ http://localhost:3000/_next/static/chunks/node_modules_next_dist_1e8vcs8._.js:776
[   88197ms] [LOG] [Fast Refresh] done in 7ms @ http://localhost:3000/_next/static/chunks/node_modules_next_dist_1e8vcs8._.js:776
[   88255ms] [LOG] [Fast Refresh] done in 7ms @ http://localhost:3000/_next/static/chunks/node_modules_next_dist_1e8vcs8._.js:776
[   88310ms] [LOG] [Fast Refresh] done in 7ms @ http://localhost:3000/_next/static/chunks/node_modules_next_dist_1e8vcs8._.js:776
[   88354ms] [LOG] [Fast Refresh] done in 7ms @ http://localhost:3000/_next/static/chunks/node_modules_next_dist_1e8vcs8._.js:776
[   88405ms] [LOG] [Fast Refresh] done in 7ms @ http://localhost:3000/_next/static/chunks/node_modules_next_dist_1e8vcs8._.js:776
[   88453ms] [LOG] [Fast Refresh] done in 7ms @ http://localhost:3000/_next/static/chunks/node_modules_next_dist_1e8vcs8._.js:776
[   88503ms] [LOG] [Fast Refresh] done in 7ms @ http://localhost:3000/_next/static/chunks/node_modules_next_dist_1e8vcs8._.js:776
[   88553ms] [LOG] [Fast Refresh] done in 7ms @ http://localhost:3000/_next/static/chunks/node_modules_next_dist_1e8vcs8._.js:776
[   88619ms] [LOG] [Fast Refresh] done in 7ms @ http://localhost:3000/_next/static/chunks/node_modules_next_dist_1e8vcs8._.js:776
[   88670ms] [LOG] [Fast Refresh] done in 7ms @ http://localhost:3000/_next/static/chunks/node_modules_next_dist_1e8vcs8._.js:776
[   88721ms] [LOG] [Fast Refresh] done in 7ms @ http://localhost:3000/_next/static/chunks/node_modules_next_dist_1e8vcs8._.js:776
[   88770ms] [LOG] [Fast Refresh] done in 7ms @ http://localhost:3000/_next/static/chunks/node_modules_next_dist_1e8vcs8._.js:776
[   88818ms] [LOG] [Fast Refresh] done in 7ms @ http://localhost:3000/_next/static/chunks/node_modules_next_dist_1e8vcs8._.js:776
[   88882ms] [LOG] [Fast Refresh] done in 7ms @ http://localhost:3000/_next/static/chunks/node_modules_next_dist_1e8vcs8._.js:776
[   88930ms] [LOG] [Fast Refresh] done in 7ms @ http://localhost:3000/_next/static/chunks/node_modules_next_dist_1e8vcs8._.js:776
[   88993ms] [LOG] [Fast Refresh] done in 7ms @ http://localhost:3000/_next/static/chunks/node_modules_next_dist_1e8vcs8._.js:776
[   89056ms] [LOG] [Fast Refresh] done in 7ms @ http://localhost:3000/_next/static/chunks/node_modules_next_dist_1e8vcs8._.js:776
[   89106ms] [LOG] [Fast Refresh] done in 7ms @ http://localhost:3000/_next/static/chunks/node_modules_next_dist_1e8vcs8._.js:776
[   89167ms] [LOG] [Fast Refresh] done in 7ms @ http://localhost:3000/_next/static/chunks/node_modules_next_dist_1e8vcs8._.js:776
[   89215ms] [LOG] [Fast Refresh] done in 7ms @ http://localhost:3000/_next/static/chunks/node_modules_next_dist_1e8vcs8._.js:776
[   89263ms] [LOG] [Fast Refresh] done in 7ms @ http://localhost:3000/_next/static/chunks/node_modules_next_dist_1e8vcs8._.js:776
[   89311ms] [LOG] [Fast Refresh] done in 7ms @ http://localhost:3000/_next/static/chunks/node_modules_next_dist_1e8vcs8._.js:776
[   89354ms] [LOG] [Fast Refresh] done in 7ms @ http://localhost:3000/_next/static/chunks/node_modules_next_dist_1e8vcs8._.js:776
[   89418ms] [LOG] [Fast Refresh] done in 7ms @ http://localhost:3000/_next/static/chunks/node_modules_next_dist_1e8vcs8._.js:776
[   89466ms] [LOG] [Fast Refresh] done in 7ms @ http://localhost:3000/_next/static/chunks/node_modules_next_dist_1e8vcs8._.js:776
[   89513ms] [LOG] [Fast Refresh] done in 7ms @ http://localhost:3000/_next/static/chunks/node_modules_next_dist_1e8vcs8._.js:776
[   89561ms] [LOG] [Fast Refresh] done in 7ms @ http://localhost:3000/_next/static/chunks/node_modules_next_dist_1e8vcs8._.js:776
[   89624ms] [LOG] [Fast Refresh] done in 7ms @ http://localhost:3000/_next/static/chunks/node_modules_next_dist_1e8vcs8._.js:776
[   89671ms] [LOG] [Fast Refresh] done in 7ms @ http://localhost:3000/_next/static/chunks/node_modules_next_dist_1e8vcs8._.js:776
[   89719ms] [LOG] [Fast Refresh] done in 7ms @ http://localhost:3000/_next/static/chunks/node_modules_next_dist_1e8vcs8._.js:776
[   89766ms] [LOG] [Fast Refresh] done in 7ms @ http://localhost:3000/_next/static/chunks/node_modules_next_dist_1e8vcs8._.js:776
[   89830ms] [LOG] [Fast Refresh] done in 7ms @ http://localhost:3000/_next/static/chunks/node_modules_next_dist_1e8vcs8._.js:776
[   89878ms] [LOG] [Fast Refresh] done in 7ms @ http://localhost:3000/_next/static/chunks/node_modules_next_dist_1e8vcs8._.js:776
[   89942ms] [LOG] [Fast Refresh] done in 7ms @ http://localhost:3000/_next/static/chunks/node_modules_next_dist_1e8vcs8._.js:776
[   90005ms] [LOG] [Fast Refresh] done in 7ms @ http://localhost:3000/_next/static/chunks/node_modules_next_dist_1e8vcs8._.js:776
[   90054ms] [LOG] [Fast Refresh] done in 7ms @ http://localhost:3000/_next/static/chunks/node_modules_next_dist_1e8vcs8._.js:776
[   90101ms] [LOG] [Fast Refresh] done in 7ms @ http://localhost:3000/_next/static/chunks/node_modules_next_dist_1e8vcs8._.js:776
[   90165ms] [LOG] [Fast Refresh] done in 7ms @ http://localhost:3000/_next/static/chunks/node_modules_next_dist_1e8vcs8._.js:776
[   90229ms] [LOG] [Fast Refresh] done in 7ms @ http://localhost:3000/_next/static/chunks/node_modules_next_dist_1e8vcs8._.js:776
[   90292ms] [LOG] [Fast Refresh] done in 7ms @ http://localhost:3000/_next/static/chunks/node_modules_next_dist_1e8vcs8._.js:776
[   90342ms] [LOG] [Fast Refresh] done in 7ms @ http://localhost:3000/_next/static/chunks/node_modules_next_dist_1e8vcs8._.js:776
[   90386ms] [LOG] [Fast Refresh] done in 7ms @ http://localhost:3000/_next/static/chunks/node_modules_next_dist_1e8vcs8._.js:776
[   90437ms] [LOG] [Fast Refresh] done in 7ms @ http://localhost:3000/_next/static/chunks/node_modules_next_dist_1e8vcs8._.js:776
[   90484ms] [LOG] [Fast Refresh] done in 7ms @ http://localhost:3000/_next/static/chunks/node_modules_next_dist_1e8vcs8._.js:776
[   90531ms] [LOG] [Fast Refresh] done in 7ms @ http://localhost:3000/_next/static/chunks/node_modules_next_dist_1e8vcs8._.js:776
[   90580ms] [LOG] [Fast Refresh] done in 7ms @ http://localhost:3000/_next/static/chunks/node_modules_next_dist_1e8vcs8._.js:776
[   90627ms] [LOG] [Fast Refresh] done in 7ms @ http://localhost:3000/_next/static/chunks/node_modules_next_dist_1e8vcs8._.js:776
[   90675ms] [LOG] [Fast Refresh] done in 7ms @ http://localhost:3000/_next/static/chunks/node_modules_next_dist_1e8vcs8._.js:776
[   90723ms] [LOG] [Fast Refresh] done in 7ms @ http://localhost:3000/_next/static/chunks/node_modules_next_dist_1e8vcs8._.js:776
[   90772ms] [LOG] [Fast Refresh] done in 7ms @ http://localhost:3000/_next/static/chunks/node_modules_next_dist_1e8vcs8._.js:776
[   90836ms] [LOG] [Fast Refresh] done in 7ms @ http://localhost:3000/_next/static/chunks/node_modules_next_dist_1e8vcs8._.js:776
[   90899ms] [LOG] [Fast Refresh] done in 7ms @ http://localhost:3000/_next/static/chunks/node_modules_next_dist_1e8vcs8._.js:776
[   90947ms] [LOG] [Fast Refresh] done in 7ms @ http://localhost:3000/_next/static/chunks/node_modules_next_dist_1e8vcs8._.js:776
[   90995ms] [LOG] [Fast Refresh] done in 7ms @ http://localhost:3000/_next/static/chunks/node_modules_next_dist_1e8vcs8._.js:776
[   91060ms] [LOG] [Fast Refresh] done in 7ms @ http://localhost:3000/_next/static/chunks/node_modules_next_dist_1e8vcs8._.js:776
[   91123ms] [LOG] [Fast Refresh] done in 7ms @ http://localhost:3000/_next/static/chunks/node_modules_next_dist_1e8vcs8._.js:776
[   91171ms] [LOG] [Fast Refresh] done in 7ms @ http://localhost:3000/_next/static/chunks/node_modules_next_dist_1e8vcs8._.js:776
[   91235ms] [LOG] [Fast Refresh] done in 7ms @ http://localhost:3000/_next/static/chunks/node_modules_next_dist_1e8vcs8._.js:776
[   91283ms] [LOG] [Fast Refresh] done in 7ms @ http://localhost:3000/_next/static/chunks/node_modules_next_dist_1e8vcs8._.js:776
[   91331ms] [LOG] [Fast Refresh] done in 7ms @ http://localhost:3000/_next/static/chunks/node_modules_next_dist_1e8vcs8._.js:776
[   91381ms] [LOG] [Fast Refresh] done in 7ms @ http://localhost:3000/_next/static/chunks/node_modules_next_dist_1e8vcs8._.js:776
[   91436ms] [LOG] [Fast Refresh] done in 7ms @ http://localhost:3000/_next/static/chunks/node_modules_next_dist_1e8vcs8._.js:776
[   91486ms] [LOG] [Fast Refresh] done in 7ms @ http://localhost:3000/_next/static/chunks/node_modules_next_dist_1e8vcs8._.js:776
[   91533ms] [LOG] [Fast Refresh] done in 7ms @ http://localhost:3000/_next/static/chunks/node_modules_next_dist_1e8vcs8._.js:776
[   91582ms] [LOG] [Fast Refresh] done in 7ms @ http://localhost:3000/_next/static/chunks/node_modules_next_dist_1e8vcs8._.js:776
[   91630ms] [LOG] [Fast Refresh] done in 7ms @ http://localhost:3000/_next/static/chunks/node_modules_next_dist_1e8vcs8._.js:776
[   91694ms] [LOG] [Fast Refresh] done in 7ms @ http://localhost:3000/_next/static/chunks/node_modules_next_dist_1e8vcs8._.js:776
[   91758ms] [LOG] [Fast Refresh] done in 7ms @ http://localhost:3000/_next/static/chunks/node_modules_next_dist_1e8vcs8._.js:776
[   91823ms] [LOG] [Fast Refresh] done in 7ms @ http://localhost:3000/_next/static/chunks/node_modules_next_dist_1e8vcs8._.js:776
[   91888ms] [LOG] [Fast Refresh] done in 7ms @ http://localhost:3000/_next/static/chunks/node_modules_next_dist_1e8vcs8._.js:776
[   91951ms] [LOG] [Fast Refresh] done in 7ms @ http://localhost:3000/_next/static/chunks/node_modules_next_dist_1e8vcs8._.js:776
[   92000ms] [LOG] [Fast Refresh] done in 7ms @ http://localhost:3000/_next/static/chunks/node_modules_next_dist_1e8vcs8._.js:776
[   92048ms] [LOG] [Fast Refresh] done in 7ms @ http://localhost:3000/_next/static/chunks/node_modules_next_dist_1e8vcs8._.js:776
[   92097ms] [LOG] [Fast Refresh] done in 7ms @ http://localhost:3000/_next/static/chunks/node_modules_next_dist_1e8vcs8._.js:776
[   92160ms] [LOG] [Fast Refresh] done in 7ms @ http://localhost:3000/_next/static/chunks/node_modules_next_dist_1e8vcs8._.js:776
[   92208ms] [LOG] [Fast Refresh] done in 7ms @ http://localhost:3000/_next/static/chunks/node_modules_next_dist_1e8vcs8._.js:776
[   92257ms] [LOG] [Fast Refresh] done in 7ms @ http://localhost:3000/_next/static/chunks/node_modules_next_dist_1e8vcs8._.js:776
[   92305ms] [LOG] [Fast Refresh] done in 7ms @ http://localhost:3000/_next/static/chunks/node_modules_next_dist_1e8vcs8._.js:776
[   92353ms] [LOG] [Fast Refresh] done in 7ms @ http://localhost:3000/_next/static/chunks/node_modules_next_dist_1e8vcs8._.js:776
[   92401ms] [LOG] [Fast Refresh] done in 7ms @ http://localhost:3000/_next/static/chunks/node_modules_next_dist_1e8vcs8._.js:776
[   92463ms] [LOG] [Fast Refresh] done in 7ms @ http://localhost:3000/_next/static/chunks/node_modules_next_dist_1e8vcs8._.js:776
[   92502ms] [LOG] [Fast Refresh] done in 7ms @ http://localhost:3000/_next/static/chunks/node_modules_next_dist_1e8vcs8._.js:776
[   92550ms] [LOG] [Fast Refresh] done in 7ms @ http://localhost:3000/_next/static/chunks/node_modules_next_dist_1e8vcs8._.js:776
[   92598ms] [LOG] [Fast Refresh] done in 7ms @ http://localhost:3000/_next/static/chunks/node_modules_next_dist_1e8vcs8._.js:776
[   92646ms] [LOG] [Fast Refresh] done in 7ms @ http://localhost:3000/_next/static/chunks/node_modules_next_dist_1e8vcs8._.js:776
[   92694ms] [LOG] [Fast Refresh] done in 7ms @ http://localhost:3000/_next/static/chunks/node_modules_next_dist_1e8vcs8._.js:776
[   92759ms] [LOG] [Fast Refresh] done in 7ms @ http://localhost:3000/_next/static/chunks/node_modules_next_dist_1e8vcs8._.js:776
[   92822ms] [LOG] [Fast Refresh] done in 7ms @ http://localhost:3000/_next/static/chunks/node_modules_next_dist_1e8vcs8._.js:776
[   92871ms] [LOG] [Fast Refresh] done in 7ms @ http://localhost:3000/_next/static/chunks/node_modules_next_dist_1e8vcs8._.js:776
[   92919ms] [LOG] [Fast Refresh] done in 7ms @ http://localhost:3000/_next/static/chunks/node_modules_next_dist_1e8vcs8._.js:776
[   92967ms] [LOG] [Fast Refresh] done in 7ms @ http://localhost:3000/_next/static/chunks/node_modules_next_dist_1e8vcs8._.js:776
[   93015ms] [LOG] [Fast Refresh] done in 7ms @ http://localhost:3000/_next/static/chunks/node_modules_next_dist_1e8vcs8._.js:776
[   93062ms] [LOG] [Fast Refresh] done in 7ms @ http://localhost:3000/_next/static/chunks/node_modules_next_dist_1e8vcs8._.js:776
[   93110ms] [LOG] [Fast Refresh] done in 7ms @ http://localhost:3000/_next/static/chunks/node_modules_next_dist_1e8vcs8._.js:776
[   93160ms] [LOG] [Fast Refresh] done in 7ms @ http://localhost:3000/_next/static/chunks/node_modules_next_dist_1e8vcs8._.js:776
[   93224ms] [LOG] [Fast Refresh] done in 7ms @ http://localhost:3000/_next/static/chunks/node_modules_next_dist_1e8vcs8._.js:776
[   93272ms] [LOG] [Fast Refresh] done in 7ms @ http://localhost:3000/_next/static/chunks/node_modules_next_dist_1e8vcs8._.js:776
[   93320ms] [LOG] [Fast Refresh] done in 7ms @ http://localhost:3000/_next/static/chunks/node_modules_next_dist_1e8vcs8._.js:776
[   93369ms] [LOG] [Fast Refresh] done in 7ms @ http://localhost:3000/_next/static/chunks/node_modules_next_dist_1e8vcs8._.js:776
[   93417ms] [LOG] [Fast Refresh] done in 7ms @ http://localhost:3000/_next/static/chunks/node_modules_next_dist_1e8vcs8._.js:776
[   93465ms] [LOG] [Fast Refresh] done in 7ms @ http://localhost:3000/_next/static/chunks/node_modules_next_dist_1e8vcs8._.js:776
[   93517ms] [LOG] [Fast Refresh] done in 7ms @ http://localhost:3000/_next/static/chunks/node_modules_next_dist_1e8vcs8._.js:776
[   93568ms] [LOG] [Fast Refresh] done in 7ms @ http://localhost:3000/_next/static/chunks/node_modules_next_dist_1e8vcs8._.js:776
[   93632ms] [LOG] [Fast Refresh] done in 7ms @ http://localhost:3000/_next/static/chunks/node_modules_next_dist_1e8vcs8._.js:776
[   93680ms] [LOG] [Fast Refresh] done in 7ms @ http://localhost:3000/_next/static/chunks/node_modules_next_dist_1e8vcs8._.js:776
[   93748ms] [LOG] [Fast Refresh] done in 7ms @ http://localhost:3000/_next/static/chunks/node_modules_next_dist_1e8vcs8._.js:776
[   93822ms] [LOG] [Fast Refresh] done in 7ms @ http://localhost:3000/_next/static/chunks/node_modules_next_dist_1e8vcs8._.js:776
[   93872ms] [LOG] [Fast Refresh] done in 7ms @ http://localhost:3000/_next/static/chunks/node_modules_next_dist_1e8vcs8._.js:776
[   93920ms] [LOG] [Fast Refresh] done in 7ms @ http://localhost:3000/_next/static/chunks/node_modules_next_dist_1e8vcs8._.js:776
[   93984ms] [LOG] [Fast Refresh] done in 7ms @ http://localhost:3000/_next/static/chunks/node_modules_next_dist_1e8vcs8._.js:776
[   94032ms] [LOG] [Fast Refresh] done in 7ms @ http://localhost:3000/_next/static/chunks/node_modules_next_dist_1e8vcs8._.js:776
[   94080ms] [LOG] [Fast Refresh] done in 7ms @ http://localhost:3000/_next/static/chunks/node_modules_next_dist_1e8vcs8._.js:776
[   94145ms] [LOG] [Fast Refresh] done in 7ms @ http://localhost:3000/_next/static/chunks/node_modules_next_dist_1e8vcs8._.js:776
[   94193ms] [LOG] [Fast Refresh] done in 7ms @ http://localhost:3000/_next/static/chunks/node_modules_next_dist_1e8vcs8._.js:776
[   94257ms] [LOG] [Fast Refresh] done in 7ms @ http://localhost:3000/_next/static/chunks/node_modules_next_dist_1e8vcs8._.js:776
[   94305ms] [LOG] [Fast Refresh] done in 7ms @ http://localhost:3000/_next/static/chunks/node_modules_next_dist_1e8vcs8._.js:776
[   94354ms] [LOG] [Fast Refresh] done in 7ms @ http://localhost:3000/_next/static/chunks/node_modules_next_dist_1e8vcs8._.js:776
[   94402ms] [LOG] [Fast Refresh] done in 7ms @ http://localhost:3000/_next/static/chunks/node_modules_next_dist_1e8vcs8._.js:776
[   94450ms] [LOG] [Fast Refresh] done in 7ms @ http://localhost:3000/_next/static/chunks/node_modules_next_dist_1e8vcs8._.js:776
[   94500ms] [LOG] [Fast Refresh] done in 7ms @ http://localhost:3000/_next/static/chunks/node_modules_next_dist_1e8vcs8._.js:776
[   94559ms] [LOG] [Fast Refresh] done in 7ms @ http://localhost:3000/_next/static/chunks/node_modules_next_dist_1e8vcs8._.js:776
[   94631ms] [LOG] [Fast Refresh] done in 7ms @ http://localhost:3000/_next/static/chunks/node_modules_next_dist_1e8vcs8._.js:776
[   94696ms] [LOG] [Fast Refresh] done in 7ms @ http://localhost:3000/_next/static/chunks/node_modules_next_dist_1e8vcs8._.js:776
[   94743ms] [LOG] [Fast Refresh] done in 7ms @ http://localhost:3000/_next/static/chunks/node_modules_next_dist_1e8vcs8._.js:776
[   94792ms] [LOG] [Fast Refresh] done in 7ms @ http://localhost:3000/_next/static/chunks/node_modules_next_dist_1e8vcs8._.js:776
[   94841ms] [LOG] [Fast Refresh] done in 7ms @ http://localhost:3000/_next/static/chunks/node_modules_next_dist_1e8vcs8._.js:776
[   94904ms] [LOG] [Fast Refresh] done in 7ms @ http://localhost:3000/_next/static/chunks/node_modules_next_dist_1e8vcs8._.js:776
[   94969ms] [LOG] [Fast Refresh] done in 7ms @ http://localhost:3000/_next/static/chunks/node_modules_next_dist_1e8vcs8._.js:776
[   95033ms] [LOG] [Fast Refresh] done in 7ms @ http://localhost:3000/_next/static/chunks/node_modules_next_dist_1e8vcs8._.js:776
[   95080ms] [LOG] [Fast Refresh] done in 7ms @ http://localhost:3000/_next/static/chunks/node_modules_next_dist_1e8vcs8._.js:776
[   95143ms] [LOG] [Fast Refresh] done in 7ms @ http://localhost:3000/_next/static/chunks/node_modules_next_dist_1e8vcs8._.js:776
[   95206ms] [LOG] [Fast Refresh] done in 7ms @ http://localhost:3000/_next/static/chunks/node_modules_next_dist_1e8vcs8._.js:776
[   95256ms] [LOG] [Fast Refresh] done in 7ms @ http://localhost:3000/_next/static/chunks/node_modules_next_dist_1e8vcs8._.js:776
[   95304ms] [LOG] [Fast Refresh] done in 7ms @ http://localhost:3000/_next/static/chunks/node_modules_next_dist_1e8vcs8._.js:776
[   95352ms] [LOG] [Fast Refresh] done in 7ms @ http://localhost:3000/_next/static/chunks/node_modules_next_dist_1e8vcs8._.js:776
[   95417ms] [LOG] [Fast Refresh] done in 7ms @ http://localhost:3000/_next/static/chunks/node_modules_next_dist_1e8vcs8._.js:776
[   95481ms] [LOG] [Fast Refresh] done in 7ms @ http://localhost:3000/_next/static/chunks/node_modules_next_dist_1e8vcs8._.js:776
[   95546ms] [LOG] [Fast Refresh] done in 7ms @ http://localhost:3000/_next/static/chunks/node_modules_next_dist_1e8vcs8._.js:776
[   95598ms] [LOG] [Fast Refresh] done in 7ms @ http://localhost:3000/_next/static/chunks/node_modules_next_dist_1e8vcs8._.js:776
[   95650ms] [LOG] [Fast Refresh] done in 7ms @ http://localhost:3000/_next/static/chunks/node_modules_next_dist_1e8vcs8._.js:776
[   95698ms] [LOG] [Fast Refresh] done in 7ms @ http://localhost:3000/_next/static/chunks/node_modules_next_dist_1e8vcs8._.js:776
[   95762ms] [LOG] [Fast Refresh] done in 7ms @ http://localhost:3000/_next/static/chunks/node_modules_next_dist_1e8vcs8._.js:776
[   95810ms] [LOG] [Fast Refresh] done in 7ms @ http://localhost:3000/_next/static/chunks/node_modules_next_dist_1e8vcs8._.js:776
[   95858ms] [LOG] [Fast Refresh] done in 7ms @ http://localhost:3000/_next/static/chunks/node_modules_next_dist_1e8vcs8._.js:776
[   95923ms] [LOG] [Fast Refresh] done in 7ms @ http://localhost:3000/_next/static/chunks/node_modules_next_dist_1e8vcs8._.js:776
[   95986ms] [LOG] [Fast Refresh] done in 7ms @ http://localhost:3000/_next/static/chunks/node_modules_next_dist_1e8vcs8._.js:776
[   96050ms] [LOG] [Fast Refresh] done in 7ms @ http://localhost:3000/_next/static/chunks/node_modules_next_dist_1e8vcs8._.js:776
[   96114ms] [LOG] [Fast Refresh] done in 7ms @ http://localhost:3000/_next/static/chunks/node_modules_next_dist_1e8vcs8._.js:776
[   96179ms] [LOG] [Fast Refresh] done in 7ms @ http://localhost:3000/_next/static/chunks/node_modules_next_dist_1e8vcs8._.js:776
[   96227ms] [LOG] [Fast Refresh] done in 7ms @ http://localhost:3000/_next/static/chunks/node_modules_next_dist_1e8vcs8._.js:776
[   96275ms] [LOG] [Fast Refresh] done in 7ms @ http://localhost:3000/_next/static/chunks/node_modules_next_dist_1e8vcs8._.js:776
[   96323ms] [LOG] [Fast Refresh] done in 7ms @ http://localhost:3000/_next/static/chunks/node_modules_next_dist_1e8vcs8._.js:776
[   96371ms] [LOG] [Fast Refresh] done in 7ms @ http://localhost:3000/_next/static/chunks/node_modules_next_dist_1e8vcs8._.js:776
[   96420ms] [LOG] [Fast Refresh] done in 7ms @ http://localhost:3000/_next/static/chunks/node_modules_next_dist_1e8vcs8._.js:776
[   96468ms] [LOG] [Fast Refresh] done in 7ms @ http://localhost:3000/_next/static/chunks/node_modules_next_dist_1e8vcs8._.js:776
[   96516ms] [LOG] [Fast Refresh] done in 7ms @ http://localhost:3000/_next/static/chunks/node_modules_next_dist_1e8vcs8._.js:776
[   96563ms] [LOG] [Fast Refresh] done in 7ms @ http://localhost:3000/_next/static/chunks/node_modules_next_dist_1e8vcs8._.js:776
[   96614ms] [LOG] [Fast Refresh] done in 7ms @ http://localhost:3000/_next/static/chunks/node_modules_next_dist_1e8vcs8._.js:776
[   96662ms] [LOG] [Fast Refresh] done in 7ms @ http://localhost:3000/_next/static/chunks/node_modules_next_dist_1e8vcs8._.js:776
[   96713ms] [LOG] [Fast Refresh] done in 7ms @ http://localhost:3000/_next/static/chunks/node_modules_next_dist_1e8vcs8._.js:776
[   96761ms] [LOG] [Fast Refresh] done in 7ms @ http://localhost:3000/_next/static/chunks/node_modules_next_dist_1e8vcs8._.js:776
[   96808ms] [LOG] [Fast Refresh] done in 7ms @ http://localhost:3000/_next/static/chunks/node_modules_next_dist_1e8vcs8._.js:776
[   96857ms] [LOG] [Fast Refresh] done in 7ms @ http://localhost:3000/_next/static/chunks/node_modules_next_dist_1e8vcs8._.js:776
[   96905ms] [LOG] [Fast Refresh] done in 7ms @ http://localhost:3000/_next/static/chunks/node_modules_next_dist_1e8vcs8._.js:776
[   96969ms] [LOG] [Fast Refresh] done in 7ms @ http://localhost:3000/_next/static/chunks/node_modules_next_dist_1e8vcs8._.js:776
[   97018ms] [LOG] [Fast Refresh] done in 7ms @ http://localhost:3000/_next/static/chunks/node_modules_next_dist_1e8vcs8._.js:776
[   97066ms] [LOG] [Fast Refresh] done in 7ms @ http://localhost:3000/_next/static/chunks/node_modules_next_dist_1e8vcs8._.js:776
[   97130ms] [LOG] [Fast Refresh] done in 7ms @ http://localhost:3000/_next/static/chunks/node_modules_next_dist_1e8vcs8._.js:776
[   97195ms] [LOG] [Fast Refresh] done in 7ms @ http://localhost:3000/_next/static/chunks/node_modules_next_dist_1e8vcs8._.js:776
[   97259ms] [LOG] [Fast Refresh] done in 7ms @ http://localhost:3000/_next/static/chunks/node_modules_next_dist_1e8vcs8._.js:776
[   97306ms] [LOG] [Fast Refresh] done in 7ms @ http://localhost:3000/_next/static/chunks/node_modules_next_dist_1e8vcs8._.js:776
[   97356ms] [LOG] [Fast Refresh] done in 7ms @ http://localhost:3000/_next/static/chunks/node_modules_next_dist_1e8vcs8._.js:776
[   97403ms] [LOG] [Fast Refresh] done in 7ms @ http://localhost:3000/_next/static/chunks/node_modules_next_dist_1e8vcs8._.js:776
[   97451ms] [LOG] [Fast Refresh] done in 7ms @ http://localhost:3000/_next/static/chunks/node_modules_next_dist_1e8vcs8._.js:776
[   97515ms] [LOG] [Fast Refresh] done in 7ms @ http://localhost:3000/_next/static/chunks/node_modules_next_dist_1e8vcs8._.js:776
[   97580ms] [LOG] [Fast Refresh] done in 7ms @ http://localhost:3000/_next/static/chunks/node_modules_next_dist_1e8vcs8._.js:776
[   97643ms] [LOG] [Fast Refresh] done in 7ms @ http://localhost:3000/_next/static/chunks/node_modules_next_dist_1e8vcs8._.js:776
[   97697ms] [LOG] [Fast Refresh] done in 7ms @ http://localhost:3000/_next/static/chunks/node_modules_next_dist_1e8vcs8._.js:776
[   97746ms] [LOG] [Fast Refresh] done in 7ms @ http://localhost:3000/_next/static/chunks/node_modules_next_dist_1e8vcs8._.js:776
[   97795ms] [LOG] [Fast Refresh] done in 7ms @ http://localhost:3000/_next/static/chunks/node_modules_next_dist_1e8vcs8._.js:776
[   97843ms] [LOG] [Fast Refresh] done in 7ms @ http://localhost:3000/_next/static/chunks/node_modules_next_dist_1e8vcs8._.js:776
[   97890ms] [LOG] [Fast Refresh] done in 7ms @ http://localhost:3000/_next/static/chunks/node_modules_next_dist_1e8vcs8._.js:776
[   97954ms] [LOG] [Fast Refresh] done in 7ms @ http://localhost:3000/_next/static/chunks/node_modules_next_dist_1e8vcs8._.js:776
[   98002ms] [LOG] [Fast Refresh] done in 7ms @ http://localhost:3000/_next/static/chunks/node_modules_next_dist_1e8vcs8._.js:776
[   98055ms] [LOG] [Fast Refresh] done in 7ms @ http://localhost:3000/_next/static/chunks/node_modules_next_dist_1e8vcs8._.js:776
[   98120ms] [LOG] [Fast Refresh] done in 7ms @ http://localhost:3000/_next/static/chunks/node_modules_next_dist_1e8vcs8._.js:776
[   98168ms] [LOG] [Fast Refresh] done in 7ms @ http://localhost:3000/_next/static/chunks/node_modules_next_dist_1e8vcs8._.js:776
[   98217ms] [LOG] [Fast Refresh] done in 7ms @ http://localhost:3000/_next/static/chunks/node_modules_next_dist_1e8vcs8._.js:776
[   98280ms] [LOG] [Fast Refresh] done in 7ms @ http://localhost:3000/_next/static/chunks/node_modules_next_dist_1e8vcs8._.js:776
[   98344ms] [LOG] [Fast Refresh] done in 7ms @ http://localhost:3000/_next/static/chunks/node_modules_next_dist_1e8vcs8._.js:776
[   98393ms] [LOG] [Fast Refresh] done in 7ms @ http://localhost:3000/_next/static/chunks/node_modules_next_dist_1e8vcs8._.js:776
[   98455ms] [LOG] [Fast Refresh] done in 7ms @ http://localhost:3000/_next/static/chunks/node_modules_next_dist_1e8vcs8._.js:776
[   98503ms] [LOG] [Fast Refresh] done in 7ms @ http://localhost:3000/_next/static/chunks/node_modules_next_dist_1e8vcs8._.js:776
[   98552ms] [LOG] [Fast Refresh] done in 7ms @ http://localhost:3000/_next/static/chunks/node_modules_next_dist_1e8vcs8._.js:776
[   98598ms] [LOG] [Fast Refresh] done in 7ms @ http://localhost:3000/_next/static/chunks/node_modules_next_dist_1e8vcs8._.js:776
[   98663ms] [LOG] [Fast Refresh] done in 7ms @ http://localhost:3000/_next/static/chunks/node_modules_next_dist_1e8vcs8._.js:776
[   98716ms] [LOG] [Fast Refresh] done in 7ms @ http://localhost:3000/_next/static/chunks/node_modules_next_dist_1e8vcs8._.js:776
[   98762ms] [LOG] [Fast Refresh] done in 7ms @ http://localhost:3000/_next/static/chunks/node_modules_next_dist_1e8vcs8._.js:776
[   98809ms] [LOG] [Fast Refresh] done in 7ms @ http://localhost:3000/_next/static/chunks/node_modules_next_dist_1e8vcs8._.js:776
[   98872ms] [LOG] [Fast Refresh] done in 7ms @ http://localhost:3000/_next/static/chunks/node_modules_next_dist_1e8vcs8._.js:776
[   98919ms] [LOG] [Fast Refresh] done in 7ms @ http://localhost:3000/_next/static/chunks/node_modules_next_dist_1e8vcs8._.js:776
[   98967ms] [LOG] [Fast Refresh] done in 7ms @ http://localhost:3000/_next/static/chunks/node_modules_next_dist_1e8vcs8._.js:776
[   99031ms] [LOG] [Fast Refresh] done in 7ms @ http://localhost:3000/_next/static/chunks/node_modules_next_dist_1e8vcs8._.js:776
[   99079ms] [LOG] [Fast Refresh] done in 7ms @ http://localhost:3000/_next/static/chunks/node_modules_next_dist_1e8vcs8._.js:776
[   99126ms] [LOG] [Fast Refresh] done in 7ms @ http://localhost:3000/_next/static/chunks/node_modules_next_dist_1e8vcs8._.js:776
[   99175ms] [LOG] [Fast Refresh] done in 7ms @ http://localhost:3000/_next/static/chunks/node_modules_next_dist_1e8vcs8._.js:776
[   99262ms] [LOG] [Fast Refresh] done in 7ms @ http://localhost:3000/_next/static/chunks/node_modules_next_dist_1e8vcs8._.js:776
[   99340ms] [LOG] [Fast Refresh] done in 7ms @ http://localhost:3000/_next/static/chunks/node_modules_next_dist_1e8vcs8._.js:776
[   99396ms] [LOG] [Fast Refresh] done in 7ms @ http://localhost:3000/_next/static/chunks/node_modules_next_dist_1e8vcs8._.js:776
[   99460ms] [LOG] [Fast Refresh] done in 7ms @ http://localhost:3000/_next/static/chunks/node_modules_next_dist_1e8vcs8._.js:776
[   99515ms] [LOG] [Fast Refresh] done in 7ms @ http://localhost:3000/_next/static/chunks/node_modules_next_dist_1e8vcs8._.js:776
[   99577ms] [LOG] [Fast Refresh] done in 7ms @ http://localhost:3000/_next/static/chunks/node_modules_next_dist_1e8vcs8._.js:776
[   99643ms] [LOG] [Fast Refresh] done in 7ms @ http://localhost:3000/_next/static/chunks/node_modules_next_dist_1e8vcs8._.js:776
[   99691ms] [LOG] [Fast Refresh] done in 7ms @ http://localhost:3000/_next/static/chunks/node_modules_next_dist_1e8vcs8._.js:776
[   99739ms] [LOG] [Fast Refresh] done in 7ms @ http://localhost:3000/_next/static/chunks/node_modules_next_dist_1e8vcs8._.js:776
[   99803ms] [LOG] [Fast Refresh] done in 7ms @ http://localhost:3000/_next/static/chunks/node_modules_next_dist_1e8vcs8._.js:776
[   99852ms] [LOG] [Fast Refresh] done in 7ms @ http://localhost:3000/_next/static/chunks/node_modules_next_dist_1e8vcs8._.js:776
[   99900ms] [LOG] [Fast Refresh] done in 7ms @ http://localhost:3000/_next/static/chunks/node_modules_next_dist_1e8vcs8._.js:776
[   99964ms] [LOG] [Fast Refresh] done in 7ms @ http://localhost:3000/_next/static/chunks/node_modules_next_dist_1e8vcs8._.js:776
[  100028ms] [LOG] [Fast Refresh] done in 7ms @ http://localhost:3000/_next/static/chunks/node_modules_next_dist_1e8vcs8._.js:776
[  100092ms] [LOG] [Fast Refresh] done in 7ms @ http://localhost:3000/_next/static/chunks/node_modules_next_dist_1e8vcs8._.js:776
[  100156ms] [LOG] [Fast Refresh] done in 7ms @ http://localhost:3000/_next/static/chunks/node_modules_next_dist_1e8vcs8._.js:776
[  100221ms] [LOG] [Fast Refresh] done in 7ms @ http://localhost:3000/_next/static/chunks/node_modules_next_dist_1e8vcs8._.js:776
[  100269ms] [LOG] [Fast Refresh] done in 7ms @ http://localhost:3000/_next/static/chunks/node_modules_next_dist_1e8vcs8._.js:776
[  100316ms] [LOG] [Fast Refresh] done in 7ms @ http://localhost:3000/_next/static/chunks/node_modules_next_dist_1e8vcs8._.js:776
[  100365ms] [LOG] [Fast Refresh] done in 7ms @ http://localhost:3000/_next/static/chunks/node_modules_next_dist_1e8vcs8._.js:776
[  100414ms] [LOG] [Fast Refresh] done in 7ms @ http://localhost:3000/_next/static/chunks/node_modules_next_dist_1e8vcs8._.js:776
[  100478ms] [LOG] [Fast Refresh] done in 7ms @ http://localhost:3000/_next/static/chunks/node_modules_next_dist_1e8vcs8._.js:776
[  100542ms] [LOG] [Fast Refresh] done in 7ms @ http://localhost:3000/_next/static/chunks/node_modules_next_dist_1e8vcs8._.js:776
[  100606ms] [LOG] [Fast Refresh] done in 7ms @ http://localhost:3000/_next/static/chunks/node_modules_next_dist_1e8vcs8._.js:776
[  100670ms] [LOG] [Fast Refresh] done in 7ms @ http://localhost:3000/_next/static/chunks/node_modules_next_dist_1e8vcs8._.js:776
[  100734ms] [LOG] [Fast Refresh] done in 7ms @ http://localhost:3000/_next/static/chunks/node_modules_next_dist_1e8vcs8._.js:776
[  100782ms] [LOG] [Fast Refresh] done in 7ms @ http://localhost:3000/_next/static/chunks/node_modules_next_dist_1e8vcs8._.js:776
[  100846ms] [LOG] [Fast Refresh] done in 7ms @ http://localhost:3000/_next/static/chunks/node_modules_next_dist_1e8vcs8._.js:776
[  100910ms] [LOG] [Fast Refresh] done in 7ms @ http://localhost:3000/_next/static/chunks/node_modules_next_dist_1e8vcs8._.js:776
[  100974ms] [LOG] [Fast Refresh] done in 7ms @ http://localhost:3000/_next/static/chunks/node_modules_next_dist_1e8vcs8._.js:776
[  101038ms] [LOG] [Fast Refresh] done in 7ms @ http://localhost:3000/_next/static/chunks/node_modules_next_dist_1e8vcs8._.js:776
[  101103ms] [LOG] [Fast Refresh] done in 7ms @ http://localhost:3000/_next/static/chunks/node_modules_next_dist_1e8vcs8._.js:776
[  101151ms] [LOG] [Fast Refresh] done in 7ms @ http://localhost:3000/_next/static/chunks/node_modules_next_dist_1e8vcs8._.js:776
[  101215ms] [LOG] [Fast Refresh] done in 7ms @ http://localhost:3000/_next/static/chunks/node_modules_next_dist_1e8vcs8._.js:776
[  101264ms] [LOG] [Fast Refresh] done in 7ms @ http://localhost:3000/_next/static/chunks/node_modules_next_dist_1e8vcs8._.js:776
[  101312ms] [LOG] [Fast Refresh] done in 7ms @ http://localhost:3000/_next/static/chunks/node_modules_next_dist_1e8vcs8._.js:776
[  101367ms] [LOG] [Fast Refresh] done in 7ms @ http://localhost:3000/_next/static/chunks/node_modules_next_dist_1e8vcs8._.js:776
[  101408ms] [LOG] [Fast Refresh] done in 7ms @ http://localhost:3000/_next/static/chunks/node_modules_next_dist_1e8vcs8._.js:776
[  101459ms] [LOG] [Fast Refresh] done in 7ms @ http://localhost:3000/_next/static/chunks/node_modules_next_dist_1e8vcs8._.js:776
[  101509ms] [LOG] [Fast Refresh] done in 7ms @ http://localhost:3000/_next/static/chunks/node_modules_next_dist_1e8vcs8._.js:776
[  101560ms] [LOG] [Fast Refresh] done in 7ms @ http://localhost:3000/_next/static/chunks/node_modules_next_dist_1e8vcs8._.js:776
[  101609ms] [LOG] [Fast Refresh] done in 7ms @ http://localhost:3000/_next/static/chunks/node_modules_next_dist_1e8vcs8._.js:776
[  101659ms] [LOG] [Fast Refresh] done in 7ms @ http://localhost:3000/_next/static/chunks/node_modules_next_dist_1e8vcs8._.js:776
[  101707ms] [LOG] [Fast Refresh] done in 7ms @ http://localhost:3000/_next/static/chunks/node_modules_next_dist_1e8vcs8._.js:776
[  101755ms] [LOG] [Fast Refresh] done in 7ms @ http://localhost:3000/_next/static/chunks/node_modules_next_dist_1e8vcs8._.js:776
[  101795ms] [LOG] [Fast Refresh] done in 7ms @ http://localhost:3000/_next/static/chunks/node_modules_next_dist_1e8vcs8._.js:776
[  101844ms] [LOG] [Fast Refresh] done in 7ms @ http://localhost:3000/_next/static/chunks/node_modules_next_dist_1e8vcs8._.js:776
[  101898ms] [LOG] [Fast Refresh] done in 7ms @ http://localhost:3000/_next/static/chunks/node_modules_next_dist_1e8vcs8._.js:776
[  101945ms] [LOG] [Fast Refresh] done in 7ms @ http://localhost:3000/_next/static/chunks/node_modules_next_dist_1e8vcs8._.js:776
[  101987ms] [LOG] [Fast Refresh] done in 7ms @ http://localhost:3000/_next/static/chunks/node_modules_next_dist_1e8vcs8._.js:776
[  102035ms] [LOG] [Fast Refresh] done in 7ms @ http://localhost:3000/_next/static/chunks/node_modules_next_dist_1e8vcs8._.js:776
[  102076ms] [LOG] [Fast Refresh] done in 7ms @ http://localhost:3000/_next/static/chunks/node_modules_next_dist_1e8vcs8._.js:776
[  102124ms] [LOG] [Fast Refresh] done in 7ms @ http://localhost:3000/_next/static/chunks/node_modules_next_dist_1e8vcs8._.js:776
[  102175ms] [LOG] [Fast Refresh] done in 7ms @ http://localhost:3000/_next/static/chunks/node_modules_next_dist_1e8vcs8._.js:776
[  102225ms] [LOG] [Fast Refresh] done in 7ms @ http://localhost:3000/_next/static/chunks/node_modules_next_dist_1e8vcs8._.js:776
[  102272ms] [LOG] [Fast Refresh] done in 7ms @ http://localhost:3000/_next/static/chunks/node_modules_next_dist_1e8vcs8._.js:776
[  102336ms] [LOG] [Fast Refresh] done in 7ms @ http://localhost:3000/_next/static/chunks/node_modules_next_dist_1e8vcs8._.js:776
[  102392ms] [LOG] [Fast Refresh] done in 7ms @ http://localhost:3000/_next/static/chunks/node_modules_next_dist_1e8vcs8._.js:776
[  102458ms] [LOG] [Fast Refresh] done in 7ms @ http://localhost:3000/_next/static/chunks/node_modules_next_dist_1e8vcs8._.js:776
[  102508ms] [LOG] [Fast Refresh] done in 7ms @ http://localhost:3000/_next/static/chunks/node_modules_next_dist_1e8vcs8._.js:776
[  102571ms] [LOG] [Fast Refresh] done in 7ms @ http://localhost:3000/_next/static/chunks/node_modules_next_dist_1e8vcs8._.js:776
[  102623ms] [LOG] [Fast Refresh] done in 7ms @ http://localhost:3000/_next/static/chunks/node_modules_next_dist_1e8vcs8._.js:776
[  102682ms] [LOG] [Fast Refresh] done in 7ms @ http://localhost:3000/_next/static/chunks/node_modules_next_dist_1e8vcs8._.js:776
[  102751ms] [LOG] [Fast Refresh] done in 7ms @ http://localhost:3000/_next/static/chunks/node_modules_next_dist_1e8vcs8._.js:776
[  102804ms] [LOG] [Fast Refresh] done in 7ms @ http://localhost:3000/_next/static/chunks/node_modules_next_dist_1e8vcs8._.js:776
[  102878ms] [LOG] [Fast Refresh] done in 7ms @ http://localhost:3000/_next/static/chunks/node_modules_next_dist_1e8vcs8._.js:776
[  102935ms] [LOG] [Fast Refresh] done in 7ms @ http://localhost:3000/_next/static/chunks/node_modules_next_dist_1e8vcs8._.js:776
[  102992ms] [LOG] [Fast Refresh] done in 7ms @ http://localhost:3000/_next/static/chunks/node_modules_next_dist_1e8vcs8._.js:776
[  103042ms] [LOG] [Fast Refresh] done in 7ms @ http://localhost:3000/_next/static/chunks/node_modules_next_dist_1e8vcs8._.js:776
[  103103ms] [LOG] [Fast Refresh] done in 7ms @ http://localhost:3000/_next/static/chunks/node_modules_next_dist_1e8vcs8._.js:776
[  103188ms] [LOG] [Fast Refresh] done in 7ms @ http://localhost:3000/_next/static/chunks/node_modules_next_dist_1e8vcs8._.js:776
[  103281ms] [LOG] [Fast Refresh] done in 7ms @ http://localhost:3000/_next/static/chunks/node_modules_next_dist_1e8vcs8._.js:776
[  103331ms] [LOG] [Fast Refresh] done in 7ms @ http://localhost:3000/_next/static/chunks/node_modules_next_dist_1e8vcs8._.js:776
[  103395ms] [LOG] [Fast Refresh] done in 7ms @ http://localhost:3000/_next/static/chunks/node_modules_next_dist_1e8vcs8._.js:776
[  103453ms] [LOG] [Fast Refresh] done in 7ms @ http://localhost:3000/_next/static/chunks/node_modules_next_dist_1e8vcs8._.js:776
[  103509ms] [LOG] [Fast Refresh] done in 7ms @ http://localhost:3000/_next/static/chunks/node_modules_next_dist_1e8vcs8._.js:776
[  103559ms] [LOG] [Fast Refresh] done in 7ms @ http://localhost:3000/_next/static/chunks/node_modules_next_dist_1e8vcs8._.js:776
[  103622ms] [LOG] [Fast Refresh] done in 7ms @ http://localhost:3000/_next/static/chunks/node_modules_next_dist_1e8vcs8._.js:776
[  103737ms] [LOG] [Fast Refresh] done in 7ms @ http://localhost:3000/_next/static/chunks/node_modules_next_dist_1e8vcs8._.js:776
[  103795ms] [LOG] [Fast Refresh] done in 7ms @ http://localhost:3000/_next/static/chunks/node_modules_next_dist_1e8vcs8._.js:776
[  103861ms] [LOG] [Fast Refresh] done in 7ms @ http://localhost:3000/_next/static/chunks/node_modules_next_dist_1e8vcs8._.js:776
[  103922ms] [LOG] [Fast Refresh] done in 7ms @ http://localhost:3000/_next/static/chunks/node_modules_next_dist_1e8vcs8._.js:776
[  103989ms] [LOG] [Fast Refresh] done in 7ms @ http://localhost:3000/_next/static/chunks/node_modules_next_dist_1e8vcs8._.js:776
[  104039ms] [LOG] [Fast Refresh] done in 7ms @ http://localhost:3000/_next/static/chunks/node_modules_next_dist_1e8vcs8._.js:776
[  104101ms] [LOG] [Fast Refresh] done in 7ms @ http://localhost:3000/_next/static/chunks/node_modules_next_dist_1e8vcs8._.js:776
[  104157ms] [LOG] [Fast Refresh] done in 7ms @ http://localhost:3000/_next/static/chunks/node_modules_next_dist_1e8vcs8._.js:776
[  104220ms] [LOG] [Fast Refresh] done in 7ms @ http://localhost:3000/_next/static/chunks/node_modules_next_dist_1e8vcs8._.js:776
[  104286ms] [LOG] [Fast Refresh] done in 7ms @ http://localhost:3000/_next/static/chunks/node_modules_next_dist_1e8vcs8._.js:776
[  104345ms] [LOG] [Fast Refresh] done in 7ms @ http://localhost:3000/_next/static/chunks/node_modules_next_dist_1e8vcs8._.js:776
[  104407ms] [LOG] [Fast Refresh] done in 7ms @ http://localhost:3000/_next/static/chunks/node_modules_next_dist_1e8vcs8._.js:776
[  104461ms] [LOG] [Fast Refresh] done in 7ms @ http://localhost:3000/_next/static/chunks/node_modules_next_dist_1e8vcs8._.js:776
[  104506ms] [LOG] [Fast Refresh] done in 7ms @ http://localhost:3000/_next/static/chunks/node_modules_next_dist_1e8vcs8._.js:776
[  104554ms] [LOG] [Fast Refresh] done in 7ms @ http://localhost:3000/_next/static/chunks/node_modules_next_dist_1e8vcs8._.js:776
[  104595ms] [LOG] [Fast Refresh] done in 7ms @ http://localhost:3000/_next/static/chunks/node_modules_next_dist_1e8vcs8._.js:776
[  104636ms] [LOG] [Fast Refresh] done in 7ms @ http://localhost:3000/_next/static/chunks/node_modules_next_dist_1e8vcs8._.js:776
[  104677ms] [LOG] [Fast Refresh] done in 7ms @ http://localhost:3000/_next/static/chunks/node_modules_next_dist_1e8vcs8._.js:776
[  104729ms] [LOG] [Fast Refresh] done in 7ms @ http://localhost:3000/_next/static/chunks/node_modules_next_dist_1e8vcs8._.js:776
[  104779ms] [LOG] [Fast Refresh] done in 7ms @ http://localhost:3000/_next/static/chunks/node_modules_next_dist_1e8vcs8._.js:776
[  104824ms] [LOG] [Fast Refresh] done in 7ms @ http://localhost:3000/_next/static/chunks/node_modules_next_dist_1e8vcs8._.js:776
[  104868ms] [LOG] [Fast Refresh] done in 7ms @ http://localhost:3000/_next/static/chunks/node_modules_next_dist_1e8vcs8._.js:776
[  104910ms] [LOG] [Fast Refresh] done in 7ms @ http://localhost:3000/_next/static/chunks/node_modules_next_dist_1e8vcs8._.js:776
[  104950ms] [LOG] [Fast Refresh] done in 7ms @ http://localhost:3000/_next/static/chunks/node_modules_next_dist_1e8vcs8._.js:776
[  104992ms] [LOG] [Fast Refresh] done in 7ms @ http://localhost:3000/_next/static/chunks/node_modules_next_dist_1e8vcs8._.js:776
[  105032ms] [LOG] [Fast Refresh] done in 7ms @ http://localhost:3000/_next/static/chunks/node_modules_next_dist_1e8vcs8._.js:776
[  105075ms] [LOG] [Fast Refresh] done in 7ms @ http://localhost:3000/_next/static/chunks/node_modules_next_dist_1e8vcs8._.js:776
[  105114ms] [LOG] [Fast Refresh] done in 7ms @ http://localhost:3000/_next/static/chunks/node_modules_next_dist_1e8vcs8._.js:776
[  105156ms] [LOG] [Fast Refresh] done in 7ms @ http://localhost:3000/_next/static/chunks/node_modules_next_dist_1e8vcs8._.js:776
[  105209ms] [LOG] [Fast Refresh] done in 7ms @ http://localhost:3000/_next/static/chunks/node_modules_next_dist_1e8vcs8._.js:776
[  105259ms] [LOG] [Fast Refresh] done in 7ms @ http://localhost:3000/_next/static/chunks/node_modules_next_dist_1e8vcs8._.js:776
[  105326ms] [LOG] [Fast Refresh] done in 7ms @ http://localhost:3000/_next/static/chunks/node_modules_next_dist_1e8vcs8._.js:776
[  105392ms] [LOG] [Fast Refresh] done in 7ms @ http://localhost:3000/_next/static/chunks/node_modules_next_dist_1e8vcs8._.js:776
[  105442ms] [LOG] [Fast Refresh] done in 7ms @ http://localhost:3000/_next/static/chunks/node_modules_next_dist_1e8vcs8._.js:776
[  105491ms] [LOG] [Fast Refresh] done in 7ms @ http://localhost:3000/_next/static/chunks/node_modules_next_dist_1e8vcs8._.js:776
[  105541ms] [LOG] [Fast Refresh] done in 7ms @ http://localhost:3000/_next/static/chunks/node_modules_next_dist_1e8vcs8._.js:776
[  105591ms] [LOG] [Fast Refresh] done in 7ms @ http://localhost:3000/_next/static/chunks/node_modules_next_dist_1e8vcs8._.js:776
[  105641ms] [LOG] [Fast Refresh] done in 7ms @ http://localhost:3000/_next/static/chunks/node_modules_next_dist_1e8vcs8._.js:776
[  105691ms] [LOG] [Fast Refresh] done in 7ms @ http://localhost:3000/_next/static/chunks/node_modules_next_dist_1e8vcs8._.js:776
[  105741ms] [LOG] [Fast Refresh] done in 7ms @ http://localhost:3000/_next/static/chunks/node_modules_next_dist_1e8vcs8._.js:776
[  105790ms] [LOG] [Fast Refresh] done in 7ms @ http://localhost:3000/_next/static/chunks/node_modules_next_dist_1e8vcs8._.js:776
[  105841ms] [LOG] [Fast Refresh] done in 7ms @ http://localhost:3000/_next/static/chunks/node_modules_next_dist_1e8vcs8._.js:776
[  105890ms] [LOG] [Fast Refresh] done in 7ms @ http://localhost:3000/_next/static/chunks/node_modules_next_dist_1e8vcs8._.js:776
[  105940ms] [LOG] [Fast Refresh] done in 7ms @ http://localhost:3000/_next/static/chunks/node_modules_next_dist_1e8vcs8._.js:776
[  105998ms] [LOG] [Fast Refresh] done in 7ms @ http://localhost:3000/_next/static/chunks/node_modules_next_dist_1e8vcs8._.js:776
[  106057ms] [LOG] [Fast Refresh] done in 7ms @ http://localhost:3000/_next/static/chunks/node_modules_next_dist_1e8vcs8._.js:776
[  106107ms] [LOG] [Fast Refresh] done in 7ms @ http://localhost:3000/_next/static/chunks/node_modules_next_dist_1e8vcs8._.js:776
[  106161ms] [LOG] [Fast Refresh] done in 7ms @ http://localhost:3000/_next/static/chunks/node_modules_next_dist_1e8vcs8._.js:776
[  106212ms] [LOG] [Fast Refresh] done in 7ms @ http://localhost:3000/_next/static/chunks/node_modules_next_dist_1e8vcs8._.js:776
[  106257ms] [LOG] [Fast Refresh] done in 7ms @ http://localhost:3000/_next/static/chunks/node_modules_next_dist_1e8vcs8._.js:776
[  106307ms] [LOG] [Fast Refresh] done in 7ms @ http://localhost:3000/_next/static/chunks/node_modules_next_dist_1e8vcs8._.js:776
[  106346ms] [LOG] [Fast Refresh] done in 7ms @ http://localhost:3000/_next/static/chunks/node_modules_next_dist_1e8vcs8._.js:776
[  106391ms] [LOG] [Fast Refresh] done in 7ms @ http://localhost:3000/_next/static/chunks/node_modules_next_dist_1e8vcs8._.js:776
[  106458ms] [LOG] [Fast Refresh] done in 7ms @ http://localhost:3000/_next/static/chunks/node_modules_next_dist_1e8vcs8._.js:776
[  106508ms] [LOG] [Fast Refresh] done in 7ms @ http://localhost:3000/_next/static/chunks/node_modules_next_dist_1e8vcs8._.js:776
[  106558ms] [LOG] [Fast Refresh] done in 7ms @ http://localhost:3000/_next/static/chunks/node_modules_next_dist_1e8vcs8._.js:776
[  106640ms] [LOG] [Fast Refresh] done in 7ms @ http://localhost:3000/_next/static/chunks/node_modules_next_dist_1e8vcs8._.js:776
[  106706ms] [LOG] [Fast Refresh] done in 7ms @ http://localhost:3000/_next/static/chunks/node_modules_next_dist_1e8vcs8._.js:776
[  106757ms] [LOG] [Fast Refresh] done in 7ms @ http://localhost:3000/_next/static/chunks/node_modules_next_dist_1e8vcs8._.js:776
[  106807ms] [LOG] [Fast Refresh] done in 7ms @ http://localhost:3000/_next/static/chunks/node_modules_next_dist_1e8vcs8._.js:776
[  106856ms] [LOG] [Fast Refresh] done in 7ms @ http://localhost:3000/_next/static/chunks/node_modules_next_dist_1e8vcs8._.js:776
[  106906ms] [LOG] [Fast Refresh] done in 7ms @ http://localhost:3000/_next/static/chunks/node_modules_next_dist_1e8vcs8._.js:776
[  106956ms] [LOG] [Fast Refresh] done in 7ms @ http://localhost:3000/_next/static/chunks/node_modules_next_dist_1e8vcs8._.js:776
[  107006ms] [LOG] [Fast Refresh] done in 7ms @ http://localhost:3000/_next/static/chunks/node_modules_next_dist_1e8vcs8._.js:776
[  107067ms] [LOG] [Fast Refresh] done in 7ms @ http://localhost:3000/_next/static/chunks/node_modules_next_dist_1e8vcs8._.js:776
[  107123ms] [LOG] [Fast Refresh] done in 7ms @ http://localhost:3000/_next/static/chunks/node_modules_next_dist_1e8vcs8._.js:776
[  107172ms] [LOG] [Fast Refresh] done in 7ms @ http://localhost:3000/_next/static/chunks/node_modules_next_dist_1e8vcs8._.js:776
[  107222ms] [LOG] [Fast Refresh] done in 7ms @ http://localhost:3000/_next/static/chunks/node_modules_next_dist_1e8vcs8._.js:776
[  107272ms] [LOG] [Fast Refresh] done in 7ms @ http://localhost:3000/_next/static/chunks/node_modules_next_dist_1e8vcs8._.js:776
[  107322ms] [LOG] [Fast Refresh] done in 7ms @ http://localhost:3000/_next/static/chunks/node_modules_next_dist_1e8vcs8._.js:776
[  107372ms] [LOG] [Fast Refresh] done in 7ms @ http://localhost:3000/_next/static/chunks/node_modules_next_dist_1e8vcs8._.js:776
[  107422ms] [LOG] [Fast Refresh] done in 7ms @ http://localhost:3000/_next/static/chunks/node_modules_next_dist_1e8vcs8._.js:776
[  107478ms] [LOG] [Fast Refresh] done in 7ms @ http://localhost:3000/_next/static/chunks/node_modules_next_dist_1e8vcs8._.js:776
[  107572ms] [LOG] [Fast Refresh] done in 7ms @ http://localhost:3000/_next/static/chunks/node_modules_next_dist_1e8vcs8._.js:776
[  107623ms] [LOG] [Fast Refresh] done in 7ms @ http://localhost:3000/_next/static/chunks/node_modules_next_dist_1e8vcs8._.js:776
[  107690ms] [LOG] [Fast Refresh] done in 7ms @ http://localhost:3000/_next/static/chunks/node_modules_next_dist_1e8vcs8._.js:776
[  107755ms] [LOG] [Fast Refresh] done in 7ms @ http://localhost:3000/_next/static/chunks/node_modules_next_dist_1e8vcs8._.js:776
[  107822ms] [LOG] [Fast Refresh] done in 7ms @ http://localhost:3000/_next/static/chunks/node_modules_next_dist_1e8vcs8._.js:776
[  107889ms] [LOG] [Fast Refresh] done in 7ms @ http://localhost:3000/_next/static/chunks/node_modules_next_dist_1e8vcs8._.js:776
[  107939ms] [LOG] [Fast Refresh] done in 7ms @ http://localhost:3000/_next/static/chunks/node_modules_next_dist_1e8vcs8._.js:776
[  108005ms] [LOG] [Fast Refresh] done in 7ms @ http://localhost:3000/_next/static/chunks/node_modules_next_dist_1e8vcs8._.js:776
[  108055ms] [LOG] [Fast Refresh] done in 7ms @ http://localhost:3000/_next/static/chunks/node_modules_next_dist_1e8vcs8._.js:776
[  108105ms] [LOG] [Fast Refresh] done in 7ms @ http://localhost:3000/_next/static/chunks/node_modules_next_dist_1e8vcs8._.js:776
[  108162ms] [LOG] [Fast Refresh] done in 7ms @ http://localhost:3000/_next/static/chunks/node_modules_next_dist_1e8vcs8._.js:776
[  108272ms] [LOG] [Fast Refresh] done in 7ms @ http://localhost:3000/_next/static/chunks/node_modules_next_dist_1e8vcs8._.js:776
[  108339ms] [LOG] [Fast Refresh] done in 7ms @ http://localhost:3000/_next/static/chunks/node_modules_next_dist_1e8vcs8._.js:776
[  108390ms] [LOG] [Fast Refresh] done in 7ms @ http://localhost:3000/_next/static/chunks/node_modules_next_dist_1e8vcs8._.js:776
[  108438ms] [LOG] [Fast Refresh] done in 7ms @ http://localhost:3000/_next/static/chunks/node_modules_next_dist_1e8vcs8._.js:776
[  108488ms] [LOG] [Fast Refresh] done in 7ms @ http://localhost:3000/_next/static/chunks/node_modules_next_dist_1e8vcs8._.js:776
[  108539ms] [LOG] [Fast Refresh] done in 7ms @ http://localhost:3000/_next/static/chunks/node_modules_next_dist_1e8vcs8._.js:776
[  108588ms] [LOG] [Fast Refresh] done in 7ms @ http://localhost:3000/_next/static/chunks/node_modules_next_dist_1e8vcs8._.js:776
[  108655ms] [LOG] [Fast Refresh] done in 7ms @ http://localhost:3000/_next/static/chunks/node_modules_next_dist_1e8vcs8._.js:776
[  108705ms] [LOG] [Fast Refresh] done in 7ms @ http://localhost:3000/_next/static/chunks/node_modules_next_dist_1e8vcs8._.js:776
[  108746ms] [LOG] [Fast Refresh] done in 7ms @ http://localhost:3000/_next/static/chunks/node_modules_next_dist_1e8vcs8._.js:776
[  108788ms] [LOG] [Fast Refresh] done in 7ms @ http://localhost:3000/_next/static/chunks/node_modules_next_dist_1e8vcs8._.js:776
[  108855ms] [LOG] [Fast Refresh] done in 7ms @ http://localhost:3000/_next/static/chunks/node_modules_next_dist_1e8vcs8._.js:776
[  108905ms] [LOG] [Fast Refresh] done in 7ms @ http://localhost:3000/_next/static/chunks/node_modules_next_dist_1e8vcs8._.js:776
[  108955ms] [LOG] [Fast Refresh] done in 7ms @ http://localhost:3000/_next/static/chunks/node_modules_next_dist_1e8vcs8._.js:776
[  109005ms] [LOG] [Fast Refresh] done in 7ms @ http://localhost:3000/_next/static/chunks/node_modules_next_dist_1e8vcs8._.js:776
[  109054ms] [LOG] [Fast Refresh] done in 7ms @ http://localhost:3000/_next/static/chunks/node_modules_next_dist_1e8vcs8._.js:776
[  109104ms] [LOG] [Fast Refresh] done in 7ms @ http://localhost:3000/_next/static/chunks/node_modules_next_dist_1e8vcs8._.js:776
[  109154ms] [LOG] [Fast Refresh] done in 7ms @ http://localhost:3000/_next/static/chunks/node_modules_next_dist_1e8vcs8._.js:776
[  109205ms] [LOG] [Fast Refresh] done in 7ms @ http://localhost:3000/_next/static/chunks/node_modules_next_dist_1e8vcs8._.js:776
[  109255ms] [LOG] [Fast Refresh] done in 7ms @ http://localhost:3000/_next/static/chunks/node_modules_next_dist_1e8vcs8._.js:776
[  109320ms] [LOG] [Fast Refresh] done in 7ms @ http://localhost:3000/_next/static/chunks/node_modules_next_dist_1e8vcs8._.js:776
[  109385ms] [LOG] [Fast Refresh] done in 7ms @ http://localhost:3000/_next/static/chunks/node_modules_next_dist_1e8vcs8._.js:776
[  109450ms] [LOG] [Fast Refresh] done in 7ms @ http://localhost:3000/_next/static/chunks/node_modules_next_dist_1e8vcs8._.js:776
[  109502ms] [LOG] [Fast Refresh] done in 7ms @ http://localhost:3000/_next/static/chunks/node_modules_next_dist_1e8vcs8._.js:776
[  109554ms] [LOG] [Fast Refresh] done in 7ms @ http://localhost:3000/_next/static/chunks/node_modules_next_dist_1e8vcs8._.js:776
[  109621ms] [LOG] [Fast Refresh] done in 7ms @ http://localhost:3000/_next/static/chunks/node_modules_next_dist_1e8vcs8._.js:776
[  109687ms] [LOG] [Fast Refresh] done in 7ms @ http://localhost:3000/_next/static/chunks/node_modules_next_dist_1e8vcs8._.js:776
[  109738ms] [LOG] [Fast Refresh] done in 7ms @ http://localhost:3000/_next/static/chunks/node_modules_next_dist_1e8vcs8._.js:776
[  109786ms] [LOG] [Fast Refresh] done in 7ms @ http://localhost:3000/_next/static/chunks/node_modules_next_dist_1e8vcs8._.js:776
[  109837ms] [LOG] [Fast Refresh] done in 7ms @ http://localhost:3000/_next/static/chunks/node_modules_next_dist_1e8vcs8._.js:776
[  109899ms] [LOG] [Fast Refresh] done in 7ms @ http://localhost:3000/_next/static/chunks/node_modules_next_dist_1e8vcs8._.js:776
[  109953ms] [LOG] [Fast Refresh] done in 7ms @ http://localhost:3000/_next/static/chunks/node_modules_next_dist_1e8vcs8._.js:776
[  110018ms] [LOG] [Fast Refresh] done in 7ms @ http://localhost:3000/_next/static/chunks/node_modules_next_dist_1e8vcs8._.js:776
[  110070ms] [LOG] [Fast Refresh] done in 7ms @ http://localhost:3000/_next/static/chunks/node_modules_next_dist_1e8vcs8._.js:776
[  110119ms] [LOG] [Fast Refresh] done in 7ms @ http://localhost:3000/_next/static/chunks/node_modules_next_dist_1e8vcs8._.js:776
[  110186ms] [LOG] [Fast Refresh] done in 7ms @ http://localhost:3000/_next/static/chunks/node_modules_next_dist_1e8vcs8._.js:776
[  110236ms] [LOG] [Fast Refresh] done in 7ms @ http://localhost:3000/_next/static/chunks/node_modules_next_dist_1e8vcs8._.js:776
[  110282ms] [LOG] [Fast Refresh] done in 7ms @ http://localhost:3000/_next/static/chunks/node_modules_next_dist_1e8vcs8._.js:776
[  110333ms] [LOG] [Fast Refresh] done in 7ms @ http://localhost:3000/_next/static/chunks/node_modules_next_dist_1e8vcs8._.js:776
[  110386ms] [LOG] [Fast Refresh] done in 7ms @ http://localhost:3000/_next/static/chunks/node_modules_next_dist_1e8vcs8._.js:776
[  110452ms] [LOG] [Fast Refresh] done in 7ms @ http://localhost:3000/_next/static/chunks/node_modules_next_dist_1e8vcs8._.js:776
[  110516ms] [LOG] [Fast Refresh] done in 7ms @ http://localhost:3000/_next/static/chunks/node_modules_next_dist_1e8vcs8._.js:776
[  110570ms] [LOG] [Fast Refresh] done in 7ms @ http://localhost:3000/_next/static/chunks/node_modules_next_dist_1e8vcs8._.js:776
[  110635ms] [LOG] [Fast Refresh] done in 7ms @ http://localhost:3000/_next/static/chunks/node_modules_next_dist_1e8vcs8._.js:776
[  110686ms] [LOG] [Fast Refresh] done in 7ms @ http://localhost:3000/_next/static/chunks/node_modules_next_dist_1e8vcs8._.js:776
[  110749ms] [LOG] [Fast Refresh] done in 7ms @ http://localhost:3000/_next/static/chunks/node_modules_next_dist_1e8vcs8._.js:776
[  110802ms] [LOG] [Fast Refresh] done in 7ms @ http://localhost:3000/_next/static/chunks/node_modules_next_dist_1e8vcs8._.js:776
[  110867ms] [LOG] [Fast Refresh] done in 7ms @ http://localhost:3000/_next/static/chunks/node_modules_next_dist_1e8vcs8._.js:776
[  110919ms] [LOG] [Fast Refresh] done in 7ms @ http://localhost:3000/_next/static/chunks/node_modules_next_dist_1e8vcs8._.js:776
[  110969ms] [LOG] [Fast Refresh] done in 7ms @ http://localhost:3000/_next/static/chunks/node_modules_next_dist_1e8vcs8._.js:776
[  111021ms] [LOG] [Fast Refresh] done in 7ms @ http://localhost:3000/_next/static/chunks/node_modules_next_dist_1e8vcs8._.js:776
[  111068ms] [LOG] [Fast Refresh] done in 7ms @ http://localhost:3000/_next/static/chunks/node_modules_next_dist_1e8vcs8._.js:776
[  111119ms] [LOG] [Fast Refresh] done in 7ms @ http://localhost:3000/_next/static/chunks/node_modules_next_dist_1e8vcs8._.js:776
[  111170ms] [LOG] [Fast Refresh] done in 7ms @ http://localhost:3000/_next/static/chunks/node_modules_next_dist_1e8vcs8._.js:776
[  111219ms] [LOG] [Fast Refresh] done in 7ms @ http://localhost:3000/_next/static/chunks/node_modules_next_dist_1e8vcs8._.js:776
[  111269ms] [LOG] [Fast Refresh] done in 7ms @ http://localhost:3000/_next/static/chunks/node_modules_next_dist_1e8vcs8._.js:776
[  111320ms] [LOG] [Fast Refresh] done in 7ms @ http://localhost:3000/_next/static/chunks/node_modules_next_dist_1e8vcs8._.js:776
[  111369ms] [LOG] [Fast Refresh] done in 7ms @ http://localhost:3000/_next/static/chunks/node_modules_next_dist_1e8vcs8._.js:776
[  111419ms] [LOG] [Fast Refresh] done in 7ms @ http://localhost:3000/_next/static/chunks/node_modules_next_dist_1e8vcs8._.js:776
[  111470ms] [LOG] [Fast Refresh] done in 7ms @ http://localhost:3000/_next/static/chunks/node_modules_next_dist_1e8vcs8._.js:776
[  111519ms] [LOG] [Fast Refresh] done in 7ms @ http://localhost:3000/_next/static/chunks/node_modules_next_dist_1e8vcs8._.js:776
[  111569ms] [LOG] [Fast Refresh] done in 7ms @ http://localhost:3000/_next/static/chunks/node_modules_next_dist_1e8vcs8._.js:776
[  111618ms] [LOG] [Fast Refresh] done in 7ms @ http://localhost:3000/_next/static/chunks/node_modules_next_dist_1e8vcs8._.js:776
[  111669ms] [LOG] [Fast Refresh] done in 7ms @ http://localhost:3000/_next/static/chunks/node_modules_next_dist_1e8vcs8._.js:776
[  111719ms] [LOG] [Fast Refresh] done in 7ms @ http://localhost:3000/_next/static/chunks/node_modules_next_dist_1e8vcs8._.js:776
[  111768ms] [LOG] [Fast Refresh] done in 7ms @ http://localhost:3000/_next/static/chunks/node_modules_next_dist_1e8vcs8._.js:776
[  111819ms] [LOG] [Fast Refresh] done in 7ms @ http://localhost:3000/_next/static/chunks/node_modules_next_dist_1e8vcs8._.js:776
[  111869ms] [LOG] [Fast Refresh] done in 7ms @ http://localhost:3000/_next/static/chunks/node_modules_next_dist_1e8vcs8._.js:776
[  111918ms] [LOG] [Fast Refresh] done in 7ms @ http://localhost:3000/_next/static/chunks/node_modules_next_dist_1e8vcs8._.js:776
[  111992ms] [LOG] [Fast Refresh] done in 7ms @ http://localhost:3000/_next/static/chunks/node_modules_next_dist_1e8vcs8._.js:776
[  112088ms] [LOG] [Fast Refresh] done in 7ms @ http://localhost:3000/_next/static/chunks/node_modules_next_dist_1e8vcs8._.js:776
[  112135ms] [LOG] [Fast Refresh] done in 7ms @ http://localhost:3000/_next/static/chunks/node_modules_next_dist_1e8vcs8._.js:776
[  112186ms] [LOG] [Fast Refresh] done in 7ms @ http://localhost:3000/_next/static/chunks/node_modules_next_dist_1e8vcs8._.js:776
[  112235ms] [LOG] [Fast Refresh] done in 7ms @ http://localhost:3000/_next/static/chunks/node_modules_next_dist_1e8vcs8._.js:776
[  112284ms] [LOG] [Fast Refresh] done in 7ms @ http://localhost:3000/_next/static/chunks/node_modules_next_dist_1e8vcs8._.js:776
[  112337ms] [LOG] [Fast Refresh] done in 7ms @ http://localhost:3000/_next/static/chunks/node_modules_next_dist_1e8vcs8._.js:776
[  112384ms] [LOG] [Fast Refresh] done in 7ms @ http://localhost:3000/_next/static/chunks/node_modules_next_dist_1e8vcs8._.js:776
[  112434ms] [LOG] [Fast Refresh] done in 7ms @ http://localhost:3000/_next/static/chunks/node_modules_next_dist_1e8vcs8._.js:776
[  112500ms] [LOG] [Fast Refresh] done in 7ms @ http://localhost:3000/_next/static/chunks/node_modules_next_dist_1e8vcs8._.js:776
[  112551ms] [LOG] [Fast Refresh] done in 7ms @ http://localhost:3000/_next/static/chunks/node_modules_next_dist_1e8vcs8._.js:776
[  112601ms] [LOG] [Fast Refresh] done in 7ms @ http://localhost:3000/_next/static/chunks/node_modules_next_dist_1e8vcs8._.js:776
[  112667ms] [LOG] [Fast Refresh] done in 7ms @ http://localhost:3000/_next/static/chunks/node_modules_next_dist_1e8vcs8._.js:776
[  112801ms] [LOG] [Fast Refresh] done in 7ms @ http://localhost:3000/_next/static/chunks/node_modules_next_dist_1e8vcs8._.js:776
[  112867ms] [LOG] [Fast Refresh] done in 7ms @ http://localhost:3000/_next/static/chunks/node_modules_next_dist_1e8vcs8._.js:776
[  112917ms] [LOG] [Fast Refresh] done in 7ms @ http://localhost:3000/_next/static/chunks/node_modules_next_dist_1e8vcs8._.js:776
[  112983ms] [LOG] [Fast Refresh] done in 7ms @ http://localhost:3000/_next/static/chunks/node_modules_next_dist_1e8vcs8._.js:776
[  113049ms] [LOG] [Fast Refresh] done in 7ms @ http://localhost:3000/_next/static/chunks/node_modules_next_dist_1e8vcs8._.js:776
[  113099ms] [LOG] [Fast Refresh] done in 7ms @ http://localhost:3000/_next/static/chunks/node_modules_next_dist_1e8vcs8._.js:776
[  113150ms] [LOG] [Fast Refresh] done in 7ms @ http://localhost:3000/_next/static/chunks/node_modules_next_dist_1e8vcs8._.js:776
[  113201ms] [LOG] [Fast Refresh] done in 7ms @ http://localhost:3000/_next/static/chunks/node_modules_next_dist_1e8vcs8._.js:776
[  113250ms] [LOG] [Fast Refresh] done in 7ms @ http://localhost:3000/_next/static/chunks/node_modules_next_dist_1e8vcs8._.js:776
[  113301ms] [LOG] [Fast Refresh] done in 7ms @ http://localhost:3000/_next/static/chunks/node_modules_next_dist_1e8vcs8._.js:776
[  113348ms] [LOG] [Fast Refresh] done in 7ms @ http://localhost:3000/_next/static/chunks/node_modules_next_dist_1e8vcs8._.js:776
[  113399ms] [LOG] [Fast Refresh] done in 7ms @ http://localhost:3000/_next/static/chunks/node_modules_next_dist_1e8vcs8._.js:776
[  113449ms] [LOG] [Fast Refresh] done in 7ms @ http://localhost:3000/_next/static/chunks/node_modules_next_dist_1e8vcs8._.js:776
[  113499ms] [LOG] [Fast Refresh] done in 7ms @ http://localhost:3000/_next/static/chunks/node_modules_next_dist_1e8vcs8._.js:776
[  113550ms] [LOG] [Fast Refresh] done in 7ms @ http://localhost:3000/_next/static/chunks/node_modules_next_dist_1e8vcs8._.js:776
[  113615ms] [LOG] [Fast Refresh] done in 7ms @ http://localhost:3000/_next/static/chunks/node_modules_next_dist_1e8vcs8._.js:776
[  113669ms] [LOG] [Fast Refresh] done in 7ms @ http://localhost:3000/_next/static/chunks/node_modules_next_dist_1e8vcs8._.js:776
[  113716ms] [LOG] [Fast Refresh] done in 7ms @ http://localhost:3000/_next/static/chunks/node_modules_next_dist_1e8vcs8._.js:776
[  113768ms] [LOG] [Fast Refresh] done in 7ms @ http://localhost:3000/_next/static/chunks/node_modules_next_dist_1e8vcs8._.js:776
[  113816ms] [LOG] [Fast Refresh] done in 7ms @ http://localhost:3000/_next/static/chunks/node_modules_next_dist_1e8vcs8._.js:776
[  113883ms] [LOG] [Fast Refresh] done in 7ms @ http://localhost:3000/_next/static/chunks/node_modules_next_dist_1e8vcs8._.js:776
[  113933ms] [LOG] [Fast Refresh] done in 7ms @ http://localhost:3000/_next/static/chunks/node_modules_next_dist_1e8vcs8._.js:776
[  113995ms] [LOG] [Fast Refresh] done in 7ms @ http://localhost:3000/_next/static/chunks/node_modules_next_dist_1e8vcs8._.js:776
[  114049ms] [LOG] [Fast Refresh] done in 7ms @ http://localhost:3000/_next/static/chunks/node_modules_next_dist_1e8vcs8._.js:776
[  114100ms] [LOG] [Fast Refresh] done in 7ms @ http://localhost:3000/_next/static/chunks/node_modules_next_dist_1e8vcs8._.js:776
[  114150ms] [LOG] [Fast Refresh] done in 7ms @ http://localhost:3000/_next/static/chunks/node_modules_next_dist_1e8vcs8._.js:776
[  114216ms] [LOG] [Fast Refresh] done in 7ms @ http://localhost:3000/_next/static/chunks/node_modules_next_dist_1e8vcs8._.js:776
[  114266ms] [LOG] [Fast Refresh] done in 7ms @ http://localhost:3000/_next/static/chunks/node_modules_next_dist_1e8vcs8._.js:776
[  114315ms] [LOG] [Fast Refresh] done in 7ms @ http://localhost:3000/_next/static/chunks/node_modules_next_dist_1e8vcs8._.js:776
[  114368ms] [LOG] [Fast Refresh] done in 7ms @ http://localhost:3000/_next/static/chunks/node_modules_next_dist_1e8vcs8._.js:776
[  114415ms] [LOG] [Fast Refresh] done in 7ms @ http://localhost:3000/_next/static/chunks/node_modules_next_dist_1e8vcs8._.js:776
[  114462ms] [LOG] [Fast Refresh] done in 7ms @ http://localhost:3000/_next/static/chunks/node_modules_next_dist_1e8vcs8._.js:776
[  114516ms] [LOG] [Fast Refresh] done in 7ms @ http://localhost:3000/_next/static/chunks/node_modules_next_dist_1e8vcs8._.js:776
[  114567ms] [LOG] [Fast Refresh] done in 7ms @ http://localhost:3000/_next/static/chunks/node_modules_next_dist_1e8vcs8._.js:776
[  114618ms] [LOG] [Fast Refresh] done in 7ms @ http://localhost:3000/_next/static/chunks/node_modules_next_dist_1e8vcs8._.js:776
[  114679ms] [LOG] [Fast Refresh] done in 7ms @ http://localhost:3000/_next/static/chunks/node_modules_next_dist_1e8vcs8._.js:776
[  114736ms] [LOG] [Fast Refresh] done in 7ms @ http://localhost:3000/_next/static/chunks/node_modules_next_dist_1e8vcs8._.js:776
[  114796ms] [LOG] [Fast Refresh] done in 7ms @ http://localhost:3000/_next/static/chunks/node_modules_next_dist_1e8vcs8._.js:776
[  114848ms] [LOG] [Fast Refresh] done in 7ms @ http://localhost:3000/_next/static/chunks/node_modules_next_dist_1e8vcs8._.js:776
[  114898ms] [LOG] [Fast Refresh] done in 7ms @ http://localhost:3000/_next/static/chunks/node_modules_next_dist_1e8vcs8._.js:776
[  114948ms] [LOG] [Fast Refresh] done in 7ms @ http://localhost:3000/_next/static/chunks/node_modules_next_dist_1e8vcs8._.js:776
[  114998ms] [LOG] [Fast Refresh] done in 7ms @ http://localhost:3000/_next/static/chunks/node_modules_next_dist_1e8vcs8._.js:776
[  115048ms] [LOG] [Fast Refresh] done in 7ms @ http://localhost:3000/_next/static/chunks/node_modules_next_dist_1e8vcs8._.js:776
[  115099ms] [LOG] [Fast Refresh] done in 7ms @ http://localhost:3000/_next/static/chunks/node_modules_next_dist_1e8vcs8._.js:776
[  115148ms] [LOG] [Fast Refresh] done in 7ms @ http://localhost:3000/_next/static/chunks/node_modules_next_dist_1e8vcs8._.js:776
[  115198ms] [LOG] [Fast Refresh] done in 7ms @ http://localhost:3000/_next/static/chunks/node_modules_next_dist_1e8vcs8._.js:776
[  115248ms] [LOG] [Fast Refresh] done in 7ms @ http://localhost:3000/_next/static/chunks/node_modules_next_dist_1e8vcs8._.js:776
[  115298ms] [LOG] [Fast Refresh] done in 7ms @ http://localhost:3000/_next/static/chunks/node_modules_next_dist_1e8vcs8._.js:776
[  115348ms] [LOG] [Fast Refresh] done in 7ms @ http://localhost:3000/_next/static/chunks/node_modules_next_dist_1e8vcs8._.js:776
[  115414ms] [LOG] [Fast Refresh] done in 7ms @ http://localhost:3000/_next/static/chunks/node_modules_next_dist_1e8vcs8._.js:776
[  115464ms] [LOG] [Fast Refresh] done in 7ms @ http://localhost:3000/_next/static/chunks/node_modules_next_dist_1e8vcs8._.js:776
[  115515ms] [LOG] [Fast Refresh] done in 7ms @ http://localhost:3000/_next/static/chunks/node_modules_next_dist_1e8vcs8._.js:776
[  115565ms] [LOG] [Fast Refresh] done in 7ms @ http://localhost:3000/_next/static/chunks/node_modules_next_dist_1e8vcs8._.js:776
[  115614ms] [LOG] [Fast Refresh] done in 7ms @ http://localhost:3000/_next/static/chunks/node_modules_next_dist_1e8vcs8._.js:776
[  115681ms] [LOG] [Fast Refresh] done in 7ms @ http://localhost:3000/_next/static/chunks/node_modules_next_dist_1e8vcs8._.js:776
[  115731ms] [LOG] [Fast Refresh] done in 7ms @ http://localhost:3000/_next/static/chunks/node_modules_next_dist_1e8vcs8._.js:776
[  115803ms] [LOG] [Fast Refresh] done in 7ms @ http://localhost:3000/_next/static/chunks/node_modules_next_dist_1e8vcs8._.js:776
[  115878ms] [LOG] [Fast Refresh] done in 7ms @ http://localhost:3000/_next/static/chunks/node_modules_next_dist_1e8vcs8._.js:776
[  115946ms] [LOG] [Fast Refresh] done in 7ms @ http://localhost:3000/_next/static/chunks/node_modules_next_dist_1e8vcs8._.js:776
[  115998ms] [LOG] [Fast Refresh] done in 7ms @ http://localhost:3000/_next/static/chunks/node_modules_next_dist_1e8vcs8._.js:776
[  116045ms] [LOG] [Fast Refresh] done in 7ms @ http://localhost:3000/_next/static/chunks/node_modules_next_dist_1e8vcs8._.js:776
[  116097ms] [LOG] [Fast Refresh] done in 7ms @ http://localhost:3000/_next/static/chunks/node_modules_next_dist_1e8vcs8._.js:776
[  116148ms] [LOG] [Fast Refresh] done in 7ms @ http://localhost:3000/_next/static/chunks/node_modules_next_dist_1e8vcs8._.js:776
[  116197ms] [LOG] [Fast Refresh] done in 7ms @ http://localhost:3000/_next/static/chunks/node_modules_next_dist_1e8vcs8._.js:776
[  116247ms] [LOG] [Fast Refresh] done in 7ms @ http://localhost:3000/_next/static/chunks/node_modules_next_dist_1e8vcs8._.js:776
[  116300ms] [LOG] [Fast Refresh] done in 7ms @ http://localhost:3000/_next/static/chunks/node_modules_next_dist_1e8vcs8._.js:776
[  116348ms] [LOG] [Fast Refresh] done in 7ms @ http://localhost:3000/_next/static/chunks/node_modules_next_dist_1e8vcs8._.js:776
[  116398ms] [LOG] [Fast Refresh] done in 7ms @ http://localhost:3000/_next/static/chunks/node_modules_next_dist_1e8vcs8._.js:776
[  116447ms] [LOG] [Fast Refresh] done in 7ms @ http://localhost:3000/_next/static/chunks/node_modules_next_dist_1e8vcs8._.js:776
[  116497ms] [LOG] [Fast Refresh] done in 7ms @ http://localhost:3000/_next/static/chunks/node_modules_next_dist_1e8vcs8._.js:776
[  116547ms] [LOG] [Fast Refresh] done in 7ms @ http://localhost:3000/_next/static/chunks/node_modules_next_dist_1e8vcs8._.js:776
[  116598ms] [LOG] [Fast Refresh] done in 7ms @ http://localhost:3000/_next/static/chunks/node_modules_next_dist_1e8vcs8._.js:776
[  116648ms] [LOG] [Fast Refresh] done in 7ms @ http://localhost:3000/_next/static/chunks/node_modules_next_dist_1e8vcs8._.js:776
[  116698ms] [LOG] [Fast Refresh] done in 7ms @ http://localhost:3000/_next/static/chunks/node_modules_next_dist_1e8vcs8._.js:776
[  116748ms] [LOG] [Fast Refresh] done in 7ms @ http://localhost:3000/_next/static/chunks/node_modules_next_dist_1e8vcs8._.js:776
[  116797ms] [LOG] [Fast Refresh] done in 7ms @ http://localhost:3000/_next/static/chunks/node_modules_next_dist_1e8vcs8._.js:776
[  116847ms] [LOG] [Fast Refresh] done in 7ms @ http://localhost:3000/_next/static/chunks/node_modules_next_dist_1e8vcs8._.js:776
[  116897ms] [LOG] [Fast Refresh] done in 7ms @ http://localhost:3000/_next/static/chunks/node_modules_next_dist_1e8vcs8._.js:776
[  116947ms] [LOG] [Fast Refresh] done in 7ms @ http://localhost:3000/_next/static/chunks/node_modules_next_dist_1e8vcs8._.js:776
[  116997ms] [LOG] [Fast Refresh] done in 7ms @ http://localhost:3000/_next/static/chunks/node_modules_next_dist_1e8vcs8._.js:776
[  117048ms] [LOG] [Fast Refresh] done in 7ms @ http://localhost:3000/_next/static/chunks/node_modules_next_dist_1e8vcs8._.js:776
[  117097ms] [LOG] [Fast Refresh] done in 7ms @ http://localhost:3000/_next/static/chunks/node_modules_next_dist_1e8vcs8._.js:776
[  117147ms] [LOG] [Fast Refresh] done in 7ms @ http://localhost:3000/_next/static/chunks/node_modules_next_dist_1e8vcs8._.js:776
[  117197ms] [LOG] [Fast Refresh] done in 7ms @ http://localhost:3000/_next/static/chunks/node_modules_next_dist_1e8vcs8._.js:776
[  117247ms] [LOG] [Fast Refresh] done in 7ms @ http://localhost:3000/_next/static/chunks/node_modules_next_dist_1e8vcs8._.js:776
[  117298ms] [LOG] [Fast Refresh] done in 7ms @ http://localhost:3000/_next/static/chunks/node_modules_next_dist_1e8vcs8._.js:776
[  117380ms] [LOG] [Fast Refresh] done in 7ms @ http://localhost:3000/_next/static/chunks/node_modules_next_dist_1e8vcs8._.js:776
[  117427ms] [LOG] [Fast Refresh] done in 7ms @ http://localhost:3000/_next/static/chunks/node_modules_next_dist_1e8vcs8._.js:776
[  117496ms] [LOG] [Fast Refresh] done in 7ms @ http://localhost:3000/_next/static/chunks/node_modules_next_dist_1e8vcs8._.js:776
[  117546ms] [LOG] [Fast Refresh] done in 7ms @ http://localhost:3000/_next/static/chunks/node_modules_next_dist_1e8vcs8._.js:776
[  117610ms] [LOG] [Fast Refresh] done in 7ms @ http://localhost:3000/_next/static/chunks/node_modules_next_dist_1e8vcs8._.js:776
[  117659ms] [LOG] [Fast Refresh] done in 7ms @ http://localhost:3000/_next/static/chunks/node_modules_next_dist_1e8vcs8._.js:776
[  117712ms] [LOG] [Fast Refresh] done in 7ms @ http://localhost:3000/_next/static/chunks/node_modules_next_dist_1e8vcs8._.js:776
[  117778ms] [LOG] [Fast Refresh] done in 7ms @ http://localhost:3000/_next/static/chunks/node_modules_next_dist_1e8vcs8._.js:776
[  117829ms] [LOG] [Fast Refresh] done in 7ms @ http://localhost:3000/_next/static/chunks/node_modules_next_dist_1e8vcs8._.js:776
[  117879ms] [LOG] [Fast Refresh] done in 7ms @ http://localhost:3000/_next/static/chunks/node_modules_next_dist_1e8vcs8._.js:776
[  117929ms] [LOG] [Fast Refresh] done in 7ms @ http://localhost:3000/_next/static/chunks/node_modules_next_dist_1e8vcs8._.js:776
[  117981ms] [LOG] [Fast Refresh] done in 7ms @ http://localhost:3000/_next/static/chunks/node_modules_next_dist_1e8vcs8._.js:776
[  118026ms] [LOG] [Fast Refresh] done in 7ms @ http://localhost:3000/_next/static/chunks/node_modules_next_dist_1e8vcs8._.js:776
[  118080ms] [LOG] [Fast Refresh] done in 7ms @ http://localhost:3000/_next/static/chunks/node_modules_next_dist_1e8vcs8._.js:776
[  118135ms] [LOG] [Fast Refresh] done in 7ms @ http://localhost:3000/_next/static/chunks/node_modules_next_dist_1e8vcs8._.js:776
[  118196ms] [LOG] [Fast Refresh] done in 7ms @ http://localhost:3000/_next/static/chunks/node_modules_next_dist_1e8vcs8._.js:776
[  118262ms] [LOG] [Fast Refresh] done in 7ms @ http://localhost:3000/_next/static/chunks/node_modules_next_dist_1e8vcs8._.js:776
[  118333ms] [LOG] [Fast Refresh] done in 7ms @ http://localhost:3000/_next/static/chunks/node_modules_next_dist_1e8vcs8._.js:776
[  118395ms] [LOG] [Fast Refresh] done in 7ms @ http://localhost:3000/_next/static/chunks/node_modules_next_dist_1e8vcs8._.js:776
[  118546ms] [LOG] [Fast Refresh] done in 7ms @ http://localhost:3000/_next/static/chunks/node_modules_next_dist_1e8vcs8._.js:776
[  118611ms] [LOG] [Fast Refresh] done in 7ms @ http://localhost:3000/_next/static/chunks/node_modules_next_dist_1e8vcs8._.js:776
[  118678ms] [LOG] [Fast Refresh] done in 7ms @ http://localhost:3000/_next/static/chunks/node_modules_next_dist_1e8vcs8._.js:776
[  118754ms] [LOG] [Fast Refresh] done in 7ms @ http://localhost:3000/_next/static/chunks/node_modules_next_dist_1e8vcs8._.js:776
[  118830ms] [LOG] [Fast Refresh] done in 7ms @ http://localhost:3000/_next/static/chunks/node_modules_next_dist_1e8vcs8._.js:776
[  118896ms] [LOG] [Fast Refresh] done in 7ms @ http://localhost:3000/_next/static/chunks/node_modules_next_dist_1e8vcs8._.js:776
[  118958ms] [LOG] [Fast Refresh] done in 7ms @ http://localhost:3000/_next/static/chunks/node_modules_next_dist_1e8vcs8._.js:776
[  119011ms] [LOG] [Fast Refresh] done in 7ms @ http://localhost:3000/_next/static/chunks/node_modules_next_dist_1e8vcs8._.js:776
[  119059ms] [LOG] [Fast Refresh] done in 7ms @ http://localhost:3000/_next/static/chunks/node_modules_next_dist_1e8vcs8._.js:776
[  119128ms] [LOG] [Fast Refresh] done in 7ms @ http://localhost:3000/_next/static/chunks/node_modules_next_dist_1e8vcs8._.js:776
[  119177ms] [LOG] [Fast Refresh] done in 7ms @ http://localhost:3000/_next/static/chunks/node_modules_next_dist_1e8vcs8._.js:776
[  119227ms] [LOG] [Fast Refresh] done in 7ms @ http://localhost:3000/_next/static/chunks/node_modules_next_dist_1e8vcs8._.js:776
[  119290ms] [LOG] [Fast Refresh] done in 7ms @ http://localhost:3000/_next/static/chunks/node_modules_next_dist_1e8vcs8._.js:776
[  119344ms] [LOG] [Fast Refresh] done in 7ms @ http://localhost:3000/_next/static/chunks/node_modules_next_dist_1e8vcs8._.js:776
[  119395ms] [LOG] [Fast Refresh] done in 7ms @ http://localhost:3000/_next/static/chunks/node_modules_next_dist_1e8vcs8._.js:776
[  119444ms] [LOG] [Fast Refresh] done in 7ms @ http://localhost:3000/_next/static/chunks/node_modules_next_dist_1e8vcs8._.js:776
[  119495ms] [LOG] [Fast Refresh] done in 7ms @ http://localhost:3000/_next/static/chunks/node_modules_next_dist_1e8vcs8._.js:776
[  119545ms] [LOG] [Fast Refresh] done in 7ms @ http://localhost:3000/_next/static/chunks/node_modules_next_dist_1e8vcs8._.js:776
[  119594ms] [LOG] [Fast Refresh] done in 7ms @ http://localhost:3000/_next/static/chunks/node_modules_next_dist_1e8vcs8._.js:776
[  119648ms] [LOG] [Fast Refresh] done in 7ms @ http://localhost:3000/_next/static/chunks/node_modules_next_dist_1e8vcs8._.js:776
[  119711ms] [LOG] [Fast Refresh] done in 7ms @ http://localhost:3000/_next/static/chunks/node_modules_next_dist_1e8vcs8._.js:776
[  119761ms] [LOG] [Fast Refresh] done in 7ms @ http://localhost:3000/_next/static/chunks/node_modules_next_dist_1e8vcs8._.js:776
[  119826ms] [LOG] [Fast Refresh] done in 7ms @ http://localhost:3000/_next/static/chunks/node_modules_next_dist_1e8vcs8._.js:776
[  119894ms] [LOG] [Fast Refresh] done in 7ms @ http://localhost:3000/_next/static/chunks/node_modules_next_dist_1e8vcs8._.js:776
[  119960ms] [LOG] [Fast Refresh] done in 7ms @ http://localhost:3000/_next/static/chunks/node_modules_next_dist_1e8vcs8._.js:776
[  120027ms] [LOG] [Fast Refresh] done in 7ms @ http://localhost:3000/_next/static/chunks/node_modules_next_dist_1e8vcs8._.js:776
[  120076ms] [LOG] [Fast Refresh] done in 7ms @ http://localhost:3000/_next/static/chunks/node_modules_next_dist_1e8vcs8._.js:776
[  120130ms] [LOG] [Fast Refresh] done in 7ms @ http://localhost:3000/_next/static/chunks/node_modules_next_dist_1e8vcs8._.js:776
[  120176ms] [LOG] [Fast Refresh] done in 7ms @ http://localhost:3000/_next/static/chunks/node_modules_next_dist_1e8vcs8._.js:776
[  120243ms] [LOG] [Fast Refresh] done in 7ms @ http://localhost:3000/_next/static/chunks/node_modules_next_dist_1e8vcs8._.js:776
[  120293ms] [LOG] [Fast Refresh] done in 7ms @ http://localhost:3000/_next/static/chunks/node_modules_next_dist_1e8vcs8._.js:776
[  120360ms] [LOG] [Fast Refresh] done in 7ms @ http://localhost:3000/_next/static/chunks/node_modules_next_dist_1e8vcs8._.js:776
[  120424ms] [LOG] [Fast Refresh] done in 7ms @ http://localhost:3000/_next/static/chunks/node_modules_next_dist_1e8vcs8._.js:776
[  120494ms] [LOG] [Fast Refresh] done in 7ms @ http://localhost:3000/_next/static/chunks/node_modules_next_dist_1e8vcs8._.js:776
[  120543ms] [LOG] [Fast Refresh] done in 7ms @ http://localhost:3000/_next/static/chunks/node_modules_next_dist_1e8vcs8._.js:776
[  120610ms] [LOG] [Fast Refresh] done in 7ms @ http://localhost:3000/_next/static/chunks/node_modules_next_dist_1e8vcs8._.js:776
[  120660ms] [LOG] [Fast Refresh] done in 7ms @ http://localhost:3000/_next/static/chunks/node_modules_next_dist_1e8vcs8._.js:776
[  120710ms] [LOG] [Fast Refresh] done in 7ms @ http://localhost:3000/_next/static/chunks/node_modules_next_dist_1e8vcs8._.js:776
[  120773ms] [LOG] [Fast Refresh] done in 7ms @ http://localhost:3000/_next/static/chunks/node_modules_next_dist_1e8vcs8._.js:776
[  120826ms] [LOG] [Fast Refresh] done in 7ms @ http://localhost:3000/_next/static/chunks/node_modules_next_dist_1e8vcs8._.js:776
[  120876ms] [LOG] [Fast Refresh] done in 7ms @ http://localhost:3000/_next/static/chunks/node_modules_next_dist_1e8vcs8._.js:776
[  120926ms] [LOG] [Fast Refresh] done in 7ms @ http://localhost:3000/_next/static/chunks/node_modules_next_dist_1e8vcs8._.js:776
[  120978ms] [LOG] [Fast Refresh] done in 7ms @ http://localhost:3000/_next/static/chunks/node_modules_next_dist_1e8vcs8._.js:776
[  121022ms] [LOG] [Fast Refresh] done in 7ms @ http://localhost:3000/_next/static/chunks/node_modules_next_dist_1e8vcs8._.js:776
[  121078ms] [LOG] [Fast Refresh] done in 7ms @ http://localhost:3000/_next/static/chunks/node_modules_next_dist_1e8vcs8._.js:776
[  121129ms] [LOG] [Fast Refresh] done in 7ms @ http://localhost:3000/_next/static/chunks/node_modules_next_dist_1e8vcs8._.js:776
[  121176ms] [LOG] [Fast Refresh] done in 7ms @ http://localhost:3000/_next/static/chunks/node_modules_next_dist_1e8vcs8._.js:776
[  121226ms] [LOG] [Fast Refresh] done in 7ms @ http://localhost:3000/_next/static/chunks/node_modules_next_dist_1e8vcs8._.js:776
[  121267ms] [LOG] [Fast Refresh] done in 7ms @ http://localhost:3000/_next/static/chunks/node_modules_next_dist_1e8vcs8._.js:776
[  121328ms] [LOG] [Fast Refresh] done in 7ms @ http://localhost:3000/_next/static/chunks/node_modules_next_dist_1e8vcs8._.js:776
[  121386ms] [LOG] [Fast Refresh] done in 7ms @ http://localhost:3000/_next/static/chunks/node_modules_next_dist_1e8vcs8._.js:776
[  121493ms] [LOG] [Fast Refresh] done in 7ms @ http://localhost:3000/_next/static/chunks/node_modules_next_dist_1e8vcs8._.js:776
[  121547ms] [LOG] [Fast Refresh] done in 7ms @ http://localhost:3000/_next/static/chunks/node_modules_next_dist_1e8vcs8._.js:776
[  121597ms] [LOG] [Fast Refresh] done in 7ms @ http://localhost:3000/_next/static/chunks/node_modules_next_dist_1e8vcs8._.js:776
[  121644ms] [LOG] [Fast Refresh] done in 7ms @ http://localhost:3000/_next/static/chunks/node_modules_next_dist_1e8vcs8._.js:776
[  121692ms] [LOG] [Fast Refresh] done in 7ms @ http://localhost:3000/_next/static/chunks/node_modules_next_dist_1e8vcs8._.js:776
[  121732ms] [LOG] [Fast Refresh] done in 7ms @ http://localhost:3000/_next/static/chunks/node_modules_next_dist_1e8vcs8._.js:776
[  121778ms] [LOG] [Fast Refresh] done in 7ms @ http://localhost:3000/_next/static/chunks/node_modules_next_dist_1e8vcs8._.js:776
[  121826ms] [LOG] [Fast Refresh] done in 7ms @ http://localhost:3000/_next/static/chunks/node_modules_next_dist_1e8vcs8._.js:776
[  121876ms] [LOG] [Fast Refresh] done in 7ms @ http://localhost:3000/_next/static/chunks/node_modules_next_dist_1e8vcs8._.js:776
[  121927ms] [LOG] [Fast Refresh] done in 7ms @ http://localhost:3000/_next/static/chunks/node_modules_next_dist_1e8vcs8._.js:776
[  121979ms] [LOG] [Fast Refresh] done in 7ms @ http://localhost:3000/_next/static/chunks/node_modules_next_dist_1e8vcs8._.js:776
[  122026ms] [LOG] [Fast Refresh] done in 7ms @ http://localhost:3000/_next/static/chunks/node_modules_next_dist_1e8vcs8._.js:776
[  122076ms] [LOG] [Fast Refresh] done in 7ms @ http://localhost:3000/_next/static/chunks/node_modules_next_dist_1e8vcs8._.js:776
[  122126ms] [LOG] [Fast Refresh] done in 7ms @ http://localhost:3000/_next/static/chunks/node_modules_next_dist_1e8vcs8._.js:776
[  122192ms] [LOG] [Fast Refresh] done in 7ms @ http://localhost:3000/_next/static/chunks/node_modules_next_dist_1e8vcs8._.js:776
[  122241ms] [LOG] [Fast Refresh] done in 7ms @ http://localhost:3000/_next/static/chunks/node_modules_next_dist_1e8vcs8._.js:776
[  122293ms] [LOG] [Fast Refresh] done in 7ms @ http://localhost:3000/_next/static/chunks/node_modules_next_dist_1e8vcs8._.js:776
[  122376ms] [LOG] [Fast Refresh] done in 7ms @ http://localhost:3000/_next/static/chunks/node_modules_next_dist_1e8vcs8._.js:776
[  122425ms] [LOG] [Fast Refresh] done in 7ms @ http://localhost:3000/_next/static/chunks/node_modules_next_dist_1e8vcs8._.js:776
[  122492ms] [LOG] [Fast Refresh] done in 7ms @ http://localhost:3000/_next/static/chunks/node_modules_next_dist_1e8vcs8._.js:776
[  122548ms] [LOG] [Fast Refresh] done in 7ms @ http://localhost:3000/_next/static/chunks/node_modules_next_dist_1e8vcs8._.js:776
[  122626ms] [LOG] [Fast Refresh] done in 7ms @ http://localhost:3000/_next/static/chunks/node_modules_next_dist_1e8vcs8._.js:776
[  122767ms] [LOG] [Fast Refresh] done in 7ms @ http://localhost:3000/_next/static/chunks/node_modules_next_dist_1e8vcs8._.js:776
[  122852ms] [LOG] [Fast Refresh] done in 7ms @ http://localhost:3000/_next/static/chunks/node_modules_next_dist_1e8vcs8._.js:776
[  122906ms] [LOG] [Fast Refresh] done in 7ms @ http://localhost:3000/_next/static/chunks/node_modules_next_dist_1e8vcs8._.js:776
[  122958ms] [LOG] [Fast Refresh] done in 7ms @ http://localhost:3000/_next/static/chunks/node_modules_next_dist_1e8vcs8._.js:776
[  123020ms] [LOG] [Fast Refresh] done in 7ms @ http://localhost:3000/_next/static/chunks/node_modules_next_dist_1e8vcs8._.js:776
[  123091ms] [LOG] [Fast Refresh] done in 7ms @ http://localhost:3000/_next/static/chunks/node_modules_next_dist_1e8vcs8._.js:776
[  123160ms] [LOG] [Fast Refresh] done in 7ms @ http://localhost:3000/_next/static/chunks/node_modules_next_dist_1e8vcs8._.js:776
[  123225ms] [LOG] [Fast Refresh] done in 7ms @ http://localhost:3000/_next/static/chunks/node_modules_next_dist_1e8vcs8._.js:776
[  123292ms] [LOG] [Fast Refresh] done in 7ms @ http://localhost:3000/_next/static/chunks/node_modules_next_dist_1e8vcs8._.js:776
[  123358ms] [LOG] [Fast Refresh] done in 7ms @ http://localhost:3000/_next/static/chunks/node_modules_next_dist_1e8vcs8._.js:776
[  123448ms] [LOG] [Fast Refresh] done in 7ms @ http://localhost:3000/_next/static/chunks/node_modules_next_dist_1e8vcs8._.js:776
[  123495ms] [LOG] [Fast Refresh] done in 7ms @ http://localhost:3000/_next/static/chunks/node_modules_next_dist_1e8vcs8._.js:776
[  123542ms] [LOG] [Fast Refresh] done in 7ms @ http://localhost:3000/_next/static/chunks/node_modules_next_dist_1e8vcs8._.js:776
[  123606ms] [LOG] [Fast Refresh] done in 7ms @ http://localhost:3000/_next/static/chunks/node_modules_next_dist_1e8vcs8._.js:776
[  123657ms] [LOG] [Fast Refresh] done in 7ms @ http://localhost:3000/_next/static/chunks/node_modules_next_dist_1e8vcs8._.js:776
[  123711ms] [LOG] [Fast Refresh] done in 7ms @ http://localhost:3000/_next/static/chunks/node_modules_next_dist_1e8vcs8._.js:776
[  123765ms] [LOG] [Fast Refresh] done in 7ms @ http://localhost:3000/_next/static/chunks/node_modules_next_dist_1e8vcs8._.js:776
[  123833ms] [LOG] [Fast Refresh] done in 7ms @ http://localhost:3000/_next/static/chunks/node_modules_next_dist_1e8vcs8._.js:776
[  123915ms] [LOG] [Fast Refresh] done in 7ms @ http://localhost:3000/_next/static/chunks/node_modules_next_dist_1e8vcs8._.js:776
[  123979ms] [LOG] [Fast Refresh] done in 7ms @ http://localhost:3000/_next/static/chunks/node_modules_next_dist_1e8vcs8._.js:776
[  124025ms] [LOG] [Fast Refresh] done in 7ms @ http://localhost:3000/_next/static/chunks/node_modules_next_dist_1e8vcs8._.js:776
[  124091ms] [LOG] [Fast Refresh] done in 7ms @ http://localhost:3000/_next/static/chunks/node_modules_next_dist_1e8vcs8._.js:776
[  124141ms] [LOG] [Fast Refresh] done in 7ms @ http://localhost:3000/_next/static/chunks/node_modules_next_dist_1e8vcs8._.js:776
[  124189ms] [LOG] [Fast Refresh] done in 7ms @ http://localhost:3000/_next/static/chunks/node_modules_next_dist_1e8vcs8._.js:776
[  124258ms] [LOG] [Fast Refresh] done in 7ms @ http://localhost:3000/_next/static/chunks/node_modules_next_dist_1e8vcs8._.js:776
[  124323ms] [LOG] [Fast Refresh] done in 7ms @ http://localhost:3000/_next/static/chunks/node_modules_next_dist_1e8vcs8._.js:776
[  124391ms] [LOG] [Fast Refresh] done in 7ms @ http://localhost:3000/_next/static/chunks/node_modules_next_dist_1e8vcs8._.js:776
[  124458ms] [LOG] [Fast Refresh] done in 7ms @ http://localhost:3000/_next/static/chunks/node_modules_next_dist_1e8vcs8._.js:776
[  124525ms] [LOG] [Fast Refresh] done in 7ms @ http://localhost:3000/_next/static/chunks/node_modules_next_dist_1e8vcs8._.js:776
[  124601ms] [LOG] [Fast Refresh] done in 7ms @ http://localhost:3000/_next/static/chunks/node_modules_next_dist_1e8vcs8._.js:776
[  124661ms] [LOG] [Fast Refresh] done in 7ms @ http://localhost:3000/_next/static/chunks/node_modules_next_dist_1e8vcs8._.js:776
[  124740ms] [LOG] [Fast Refresh] done in 7ms @ http://localhost:3000/_next/static/chunks/node_modules_next_dist_1e8vcs8._.js:776
[  124845ms] [LOG] [Fast Refresh] done in 7ms @ http://localhost:3000/_next/static/chunks/node_modules_next_dist_1e8vcs8._.js:776
[  124954ms] [LOG] [Fast Refresh] done in 7ms @ http://localhost:3000/_next/static/chunks/node_modules_next_dist_1e8vcs8._.js:776
[  125056ms] [LOG] [Fast Refresh] done in 7ms @ http://localhost:3000/_next/static/chunks/node_modules_next_dist_1e8vcs8._.js:776
[  125121ms] [LOG] [Fast Refresh] done in 7ms @ http://localhost:3000/_next/static/chunks/node_modules_next_dist_1e8vcs8._.js:776
[  125246ms] [LOG] [Fast Refresh] done in 7ms @ http://localhost:3000/_next/static/chunks/node_modules_next_dist_1e8vcs8._.js:776
[  125313ms] [LOG] [Fast Refresh] done in 7ms @ http://localhost:3000/_next/static/chunks/node_modules_next_dist_1e8vcs8._.js:776
[  125390ms] [LOG] [Fast Refresh] done in 7ms @ http://localhost:3000/_next/static/chunks/node_modules_next_dist_1e8vcs8._.js:776
[  125474ms] [LOG] [Fast Refresh] done in 7ms @ http://localhost:3000/_next/static/chunks/node_modules_next_dist_1e8vcs8._.js:776
[  125574ms] [LOG] [Fast Refresh] done in 7ms @ http://localhost:3000/_next/static/chunks/node_modules_next_dist_1e8vcs8._.js:776
[  125623ms] [LOG] [Fast Refresh] done in 7ms @ http://localhost:3000/_next/static/chunks/node_modules_next_dist_1e8vcs8._.js:776
[  125670ms] [LOG] [Fast Refresh] done in 7ms @ http://localhost:3000/_next/static/chunks/node_modules_next_dist_1e8vcs8._.js:776
[  125720ms] [LOG] [Fast Refresh] done in 7ms @ http://localhost:3000/_next/static/chunks/node_modules_next_dist_1e8vcs8._.js:776
[  125770ms] [LOG] [Fast Refresh] done in 7ms @ http://localhost:3000/_next/static/chunks/node_modules_next_dist_1e8vcs8._.js:776
[  125820ms] [LOG] [Fast Refresh] done in 7ms @ http://localhost:3000/_next/static/chunks/node_modules_next_dist_1e8vcs8._.js:776
[  125870ms] [LOG] [Fast Refresh] done in 7ms @ http://localhost:3000/_next/static/chunks/node_modules_next_dist_1e8vcs8._.js:776
[  125920ms] [LOG] [Fast Refresh] done in 7ms @ http://localhost:3000/_next/static/chunks/node_modules_next_dist_1e8vcs8._.js:776
[  125988ms] [LOG] [Fast Refresh] done in 7ms @ http://localhost:3000/_next/static/chunks/node_modules_next_dist_1e8vcs8._.js:776
[  126036ms] [LOG] [Fast Refresh] done in 7ms @ http://localhost:3000/_next/static/chunks/node_modules_next_dist_1e8vcs8._.js:776
[  126095ms] [LOG] [Fast Refresh] done in 7ms @ http://localhost:3000/_next/static/chunks/node_modules_next_dist_1e8vcs8._.js:776
[  126177ms] [LOG] [Fast Refresh] done in 7ms @ http://localhost:3000/_next/static/chunks/node_modules_next_dist_1e8vcs8._.js:776
[  126248ms] [LOG] [Fast Refresh] done in 7ms @ http://localhost:3000/_next/static/chunks/node_modules_next_dist_1e8vcs8._.js:776
[  126291ms] [LOG] [Fast Refresh] done in 7ms @ http://localhost:3000/_next/static/chunks/node_modules_next_dist_1e8vcs8._.js:776
[  126348ms] [LOG] [Fast Refresh] done in 7ms @ http://localhost:3000/_next/static/chunks/node_modules_next_dist_1e8vcs8._.js:776
[  126404ms] [LOG] [Fast Refresh] done in 7ms @ http://localhost:3000/_next/static/chunks/node_modules_next_dist_1e8vcs8._.js:776
[  126453ms] [LOG] [Fast Refresh] done in 7ms @ http://localhost:3000/_next/static/chunks/node_modules_next_dist_1e8vcs8._.js:776
[  126503ms] [LOG] [Fast Refresh] done in 7ms @ http://localhost:3000/_next/static/chunks/node_modules_next_dist_1e8vcs8._.js:776
[  126553ms] [LOG] [Fast Refresh] done in 7ms @ http://localhost:3000/_next/static/chunks/node_modules_next_dist_1e8vcs8._.js:776
[  126603ms] [LOG] [Fast Refresh] done in 7ms @ http://localhost:3000/_next/static/chunks/node_modules_next_dist_1e8vcs8._.js:776
[  126654ms] [LOG] [Fast Refresh] done in 7ms @ http://localhost:3000/_next/static/chunks/node_modules_next_dist_1e8vcs8._.js:776
[  126704ms] [LOG] [Fast Refresh] done in 7ms @ http://localhost:3000/_next/static/chunks/node_modules_next_dist_1e8vcs8._.js:776
[  126777ms] [LOG] [Fast Refresh] done in 7ms @ http://localhost:3000/_next/static/chunks/node_modules_next_dist_1e8vcs8._.js:776
[  126842ms] [LOG] [Fast Refresh] done in 7ms @ http://localhost:3000/_next/static/chunks/node_modules_next_dist_1e8vcs8._.js:776
[  126912ms] [LOG] [Fast Refresh] done in 7ms @ http://localhost:3000/_next/static/chunks/node_modules_next_dist_1e8vcs8._.js:776
[  126953ms] [LOG] [Fast Refresh] done in 7ms @ http://localhost:3000/_next/static/chunks/node_modules_next_dist_1e8vcs8._.js:776
[  127019ms] [LOG] [Fast Refresh] done in 7ms @ http://localhost:3000/_next/static/chunks/node_modules_next_dist_1e8vcs8._.js:776
[  127069ms] [LOG] [Fast Refresh] done in 7ms @ http://localhost:3000/_next/static/chunks/node_modules_next_dist_1e8vcs8._.js:776
[  127119ms] [LOG] [Fast Refresh] done in 7ms @ http://localhost:3000/_next/static/chunks/node_modules_next_dist_1e8vcs8._.js:776
[  127187ms] [LOG] [Fast Refresh] done in 7ms @ http://localhost:3000/_next/static/chunks/node_modules_next_dist_1e8vcs8._.js:776
[  127256ms] [LOG] [Fast Refresh] done in 7ms @ http://localhost:3000/_next/static/chunks/node_modules_next_dist_1e8vcs8._.js:776
[  127324ms] [LOG] [Fast Refresh] done in 7ms @ http://localhost:3000/_next/static/chunks/node_modules_next_dist_1e8vcs8._.js:776
[  127373ms] [LOG] [Fast Refresh] done in 7ms @ http://localhost:3000/_next/static/chunks/node_modules_next_dist_1e8vcs8._.js:776
[  127418ms] [LOG] [Fast Refresh] done in 7ms @ http://localhost:3000/_next/static/chunks/node_modules_next_dist_1e8vcs8._.js:776
[  127468ms] [LOG] [Fast Refresh] done in 7ms @ http://localhost:3000/_next/static/chunks/node_modules_next_dist_1e8vcs8._.js:776
[  127517ms] [LOG] [Fast Refresh] done in 7ms @ http://localhost:3000/_next/static/chunks/node_modules_next_dist_1e8vcs8._.js:776
[  127568ms] [LOG] [Fast Refresh] done in 7ms @ http://localhost:3000/_next/static/chunks/node_modules_next_dist_1e8vcs8._.js:776
[  127617ms] [LOG] [Fast Refresh] done in 7ms @ http://localhost:3000/_next/static/chunks/node_modules_next_dist_1e8vcs8._.js:776
[  127668ms] [LOG] [Fast Refresh] done in 7ms @ http://localhost:3000/_next/static/chunks/node_modules_next_dist_1e8vcs8._.js:776
[  127717ms] [LOG] [Fast Refresh] done in 7ms @ http://localhost:3000/_next/static/chunks/node_modules_next_dist_1e8vcs8._.js:776
[  127767ms] [LOG] [Fast Refresh] done in 7ms @ http://localhost:3000/_next/static/chunks/node_modules_next_dist_1e8vcs8._.js:776
[  127831ms] [LOG] [Fast Refresh] done in 7ms @ http://localhost:3000/_next/static/chunks/node_modules_next_dist_1e8vcs8._.js:776
[  127927ms] [LOG] [Fast Refresh] done in 7ms @ http://localhost:3000/_next/static/chunks/node_modules_next_dist_1e8vcs8._.js:776
[  127989ms] [LOG] [Fast Refresh] done in 7ms @ http://localhost:3000/_next/static/chunks/node_modules_next_dist_1e8vcs8._.js:776
[  128053ms] [LOG] [Fast Refresh] done in 7ms @ http://localhost:3000/_next/static/chunks/node_modules_next_dist_1e8vcs8._.js:776
[  128115ms] [LOG] [Fast Refresh] done in 7ms @ http://localhost:3000/_next/static/chunks/node_modules_next_dist_1e8vcs8._.js:776
[  128179ms] [LOG] [Fast Refresh] done in 7ms @ http://localhost:3000/_next/static/chunks/node_modules_next_dist_1e8vcs8._.js:776
[  128241ms] [LOG] [Fast Refresh] done in 7ms @ http://localhost:3000/_next/static/chunks/node_modules_next_dist_1e8vcs8._.js:776
[  128307ms] [LOG] [Fast Refresh] done in 7ms @ http://localhost:3000/_next/static/chunks/node_modules_next_dist_1e8vcs8._.js:776
[  128376ms] [LOG] [Fast Refresh] done in 7ms @ http://localhost:3000/_next/static/chunks/node_modules_next_dist_1e8vcs8._.js:776
[  128432ms] [LOG] [Fast Refresh] done in 7ms @ http://localhost:3000/_next/static/chunks/node_modules_next_dist_1e8vcs8._.js:776
[  128569ms] [LOG] [Fast Refresh] done in 7ms @ http://localhost:3000/_next/static/chunks/node_modules_next_dist_1e8vcs8._.js:776
[  128637ms] [LOG] [Fast Refresh] done in 7ms @ http://localhost:3000/_next/static/chunks/node_modules_next_dist_1e8vcs8._.js:776
[  128686ms] [LOG] [Fast Refresh] done in 7ms @ http://localhost:3000/_next/static/chunks/node_modules_next_dist_1e8vcs8._.js:776
[  128736ms] [LOG] [Fast Refresh] done in 7ms @ http://localhost:3000/_next/static/chunks/node_modules_next_dist_1e8vcs8._.js:776
[  128799ms] [LOG] [Fast Refresh] done in 7ms @ http://localhost:3000/_next/static/chunks/node_modules_next_dist_1e8vcs8._.js:776
[  128864ms] [LOG] [Fast Refresh] done in 7ms @ http://localhost:3000/_next/static/chunks/node_modules_next_dist_1e8vcs8._.js:776
[  128910ms] [LOG] [Fast Refresh] done in 7ms @ http://localhost:3000/_next/static/chunks/node_modules_next_dist_1e8vcs8._.js:776
[  128972ms] [LOG] [Fast Refresh] done in 7ms @ http://localhost:3000/_next/static/chunks/node_modules_next_dist_1e8vcs8._.js:776
[  129019ms] [LOG] [Fast Refresh] done in 7ms @ http://localhost:3000/_next/static/chunks/node_modules_next_dist_1e8vcs8._.js:776
[  129086ms] [LOG] [Fast Refresh] done in 7ms @ http://localhost:3000/_next/static/chunks/node_modules_next_dist_1e8vcs8._.js:776
[  129146ms] [LOG] [Fast Refresh] done in 7ms @ http://localhost:3000/_next/static/chunks/node_modules_next_dist_1e8vcs8._.js:776
[  129208ms] [LOG] [Fast Refresh] done in 7ms @ http://localhost:3000/_next/static/chunks/node_modules_next_dist_1e8vcs8._.js:776
[  129270ms] [LOG] [Fast Refresh] done in 7ms @ http://localhost:3000/_next/static/chunks/node_modules_next_dist_1e8vcs8._.js:776
[  129334ms] [LOG] [Fast Refresh] done in 7ms @ http://localhost:3000/_next/static/chunks/node_modules_next_dist_1e8vcs8._.js:776
[  129394ms] [LOG] [Fast Refresh] done in 7ms @ http://localhost:3000/_next/static/chunks/node_modules_next_dist_1e8vcs8._.js:776
[  129474ms] [LOG] [Fast Refresh] done in 7ms @ http://localhost:3000/_next/static/chunks/node_modules_next_dist_1e8vcs8._.js:776
[  129536ms] [LOG] [Fast Refresh] done in 7ms @ http://localhost:3000/_next/static/chunks/node_modules_next_dist_1e8vcs8._.js:776
[  129600ms] [LOG] [Fast Refresh] done in 7ms @ http://localhost:3000/_next/static/chunks/node_modules_next_dist_1e8vcs8._.js:776
[  129652ms] [LOG] [Fast Refresh] done in 7ms @ http://localhost:3000/_next/static/chunks/node_modules_next_dist_1e8vcs8._.js:776
[  129740ms] [LOG] [Fast Refresh] done in 7ms @ http://localhost:3000/_next/static/chunks/node_modules_next_dist_1e8vcs8._.js:776
[  129914ms] [LOG] [Fast Refresh] done in 7ms @ http://localhost:3000/_next/static/chunks/node_modules_next_dist_1e8vcs8._.js:776
[  129980ms] [LOG] [Fast Refresh] done in 7ms @ http://localhost:3000/_next/static/chunks/node_modules_next_dist_1e8vcs8._.js:776
[  130041ms] [LOG] [Fast Refresh] done in 7ms @ http://localhost:3000/_next/static/chunks/node_modules_next_dist_1e8vcs8._.js:776
[  130105ms] [LOG] [Fast Refresh] done in 7ms @ http://localhost:3000/_next/static/chunks/node_modules_next_dist_1e8vcs8._.js:776
[  130172ms] [LOG] [Fast Refresh] done in 7ms @ http://localhost:3000/_next/static/chunks/node_modules_next_dist_1e8vcs8._.js:776
[  130249ms] [LOG] [Fast Refresh] done in 7ms @ http://localhost:3000/_next/static/chunks/node_modules_next_dist_1e8vcs8._.js:776
[  130315ms] [LOG] [Fast Refresh] done in 7ms @ http://localhost:3000/_next/static/chunks/node_modules_next_dist_1e8vcs8._.js:776
[  130390ms] [LOG] [Fast Refresh] done in 7ms @ http://localhost:3000/_next/static/chunks/node_modules_next_dist_1e8vcs8._.js:776
[  130461ms] [LOG] [Fast Refresh] done in 7ms @ http://localhost:3000/_next/static/chunks/node_modules_next_dist_1e8vcs8._.js:776
[  130502ms] [LOG] [Fast Refresh] done in 7ms @ http://localhost:3000/_next/static/chunks/node_modules_next_dist_1e8vcs8._.js:776
[  130567ms] [LOG] [Fast Refresh] done in 7ms @ http://localhost:3000/_next/static/chunks/node_modules_next_dist_1e8vcs8._.js:776
[  130631ms] [LOG] [Fast Refresh] done in 7ms @ http://localhost:3000/_next/static/chunks/node_modules_next_dist_1e8vcs8._.js:776
[  130692ms] [LOG] [Fast Refresh] done in 7ms @ http://localhost:3000/_next/static/chunks/node_modules_next_dist_1e8vcs8._.js:776
[  130742ms] [LOG] [Fast Refresh] done in 7ms @ http://localhost:3000/_next/static/chunks/node_modules_next_dist_1e8vcs8._.js:776
[  130798ms] [LOG] [Fast Refresh] done in 7ms @ http://localhost:3000/_next/static/chunks/node_modules_next_dist_1e8vcs8._.js:776
[  130851ms] [LOG] [Fast Refresh] done in 7ms @ http://localhost:3000/_next/static/chunks/node_modules_next_dist_1e8vcs8._.js:776
[  130901ms] [LOG] [Fast Refresh] done in 7ms @ http://localhost:3000/_next/static/chunks/node_modules_next_dist_1e8vcs8._.js:776
[  130952ms] [LOG] [Fast Refresh] done in 7ms @ http://localhost:3000/_next/static/chunks/node_modules_next_dist_1e8vcs8._.js:776
[  130998ms] [LOG] [Fast Refresh] done in 7ms @ http://localhost:3000/_next/static/chunks/node_modules_next_dist_1e8vcs8._.js:776
[  131058ms] [LOG] [Fast Refresh] done in 7ms @ http://localhost:3000/_next/static/chunks/node_modules_next_dist_1e8vcs8._.js:776
[  131115ms] [LOG] [Fast Refresh] done in 7ms @ http://localhost:3000/_next/static/chunks/node_modules_next_dist_1e8vcs8._.js:776
[  131183ms] [LOG] [Fast Refresh] done in 7ms @ http://localhost:3000/_next/static/chunks/node_modules_next_dist_1e8vcs8._.js:776
[  131254ms] [LOG] [Fast Refresh] done in 7ms @ http://localhost:3000/_next/static/chunks/node_modules_next_dist_1e8vcs8._.js:776
[  131320ms] [LOG] [Fast Refresh] done in 7ms @ http://localhost:3000/_next/static/chunks/node_modules_next_dist_1e8vcs8._.js:776
[  131383ms] [LOG] [Fast Refresh] done in 7ms @ http://localhost:3000/_next/static/chunks/node_modules_next_dist_1e8vcs8._.js:776
[  131452ms] [LOG] [Fast Refresh] done in 7ms @ http://localhost:3000/_next/static/chunks/node_modules_next_dist_1e8vcs8._.js:776
[  131515ms] [LOG] [Fast Refresh] done in 7ms @ http://localhost:3000/_next/static/chunks/node_modules_next_dist_1e8vcs8._.js:776
[  131582ms] [LOG] [Fast Refresh] done in 7ms @ http://localhost:3000/_next/static/chunks/node_modules_next_dist_1e8vcs8._.js:776
[  131632ms] [LOG] [Fast Refresh] done in 7ms @ http://localhost:3000/_next/static/chunks/node_modules_next_dist_1e8vcs8._.js:776
[  131702ms] [LOG] [Fast Refresh] done in 7ms @ http://localhost:3000/_next/static/chunks/node_modules_next_dist_1e8vcs8._.js:776
[  131765ms] [LOG] [Fast Refresh] done in 7ms @ http://localhost:3000/_next/static/chunks/node_modules_next_dist_1e8vcs8._.js:776
[  131832ms] [LOG] [Fast Refresh] done in 7ms @ http://localhost:3000/_next/static/chunks/node_modules_next_dist_1e8vcs8._.js:776
[  131907ms] [LOG] [Fast Refresh] done in 7ms @ http://localhost:3000/_next/static/chunks/node_modules_next_dist_1e8vcs8._.js:776
[  131952ms] [LOG] [Fast Refresh] done in 7ms @ http://localhost:3000/_next/static/chunks/node_modules_next_dist_1e8vcs8._.js:776
[  132016ms] [LOG] [Fast Refresh] done in 7ms @ http://localhost:3000/_next/static/chunks/node_modules_next_dist_1e8vcs8._.js:776
[  132068ms] [LOG] [Fast Refresh] done in 7ms @ http://localhost:3000/_next/static/chunks/node_modules_next_dist_1e8vcs8._.js:776
[  132119ms] [LOG] [Fast Refresh] done in 7ms @ http://localhost:3000/_next/static/chunks/node_modules_next_dist_1e8vcs8._.js:776
[  132182ms] [LOG] [Fast Refresh] done in 7ms @ http://localhost:3000/_next/static/chunks/node_modules_next_dist_1e8vcs8._.js:776
[  132231ms] [LOG] [Fast Refresh] done in 7ms @ http://localhost:3000/_next/static/chunks/node_modules_next_dist_1e8vcs8._.js:776
[  132298ms] [LOG] [Fast Refresh] done in 7ms @ http://localhost:3000/_next/static/chunks/node_modules_next_dist_1e8vcs8._.js:776
[  132347ms] [LOG] [Fast Refresh] done in 7ms @ http://localhost:3000/_next/static/chunks/node_modules_next_dist_1e8vcs8._.js:776
[  132397ms] [LOG] [Fast Refresh] done in 7ms @ http://localhost:3000/_next/static/chunks/node_modules_next_dist_1e8vcs8._.js:776
[  132446ms] [LOG] [Fast Refresh] done in 7ms @ http://localhost:3000/_next/static/chunks/node_modules_next_dist_1e8vcs8._.js:776
[  132496ms] [LOG] [Fast Refresh] done in 7ms @ http://localhost:3000/_next/static/chunks/node_modules_next_dist_1e8vcs8._.js:776
[  132547ms] [LOG] [Fast Refresh] done in 7ms @ http://localhost:3000/_next/static/chunks/node_modules_next_dist_1e8vcs8._.js:776
[  132596ms] [LOG] [Fast Refresh] done in 7ms @ http://localhost:3000/_next/static/chunks/node_modules_next_dist_1e8vcs8._.js:776
[  132650ms] [LOG] [Fast Refresh] done in 7ms @ http://localhost:3000/_next/static/chunks/node_modules_next_dist_1e8vcs8._.js:776
[  132697ms] [LOG] [Fast Refresh] done in 7ms @ http://localhost:3000/_next/static/chunks/node_modules_next_dist_1e8vcs8._.js:776
[  132761ms] [LOG] [Fast Refresh] done in 7ms @ http://localhost:3000/_next/static/chunks/node_modules_next_dist_1e8vcs8._.js:776
[  132813ms] [LOG] [Fast Refresh] done in 7ms @ http://localhost:3000/_next/static/chunks/node_modules_next_dist_1e8vcs8._.js:776
[  132864ms] [LOG] [Fast Refresh] done in 7ms @ http://localhost:3000/_next/static/chunks/node_modules_next_dist_1e8vcs8._.js:776
[  132913ms] [LOG] [Fast Refresh] done in 7ms @ http://localhost:3000/_next/static/chunks/node_modules_next_dist_1e8vcs8._.js:776
[  132963ms] [LOG] [Fast Refresh] done in 7ms @ http://localhost:3000/_next/static/chunks/node_modules_next_dist_1e8vcs8._.js:776
[  133013ms] [LOG] [Fast Refresh] done in 7ms @ http://localhost:3000/_next/static/chunks/node_modules_next_dist_1e8vcs8._.js:776
[  133096ms] [LOG] [Fast Refresh] done in 7ms @ http://localhost:3000/_next/static/chunks/node_modules_next_dist_1e8vcs8._.js:776
[  133146ms] [LOG] [Fast Refresh] done in 7ms @ http://localhost:3000/_next/static/chunks/node_modules_next_dist_1e8vcs8._.js:776
[  133195ms] [LOG] [Fast Refresh] done in 7ms @ http://localhost:3000/_next/static/chunks/node_modules_next_dist_1e8vcs8._.js:776
[  133251ms] [LOG] [Fast Refresh] done in 7ms @ http://localhost:3000/_next/static/chunks/node_modules_next_dist_1e8vcs8._.js:776
[  133312ms] [LOG] [Fast Refresh] done in 7ms @ http://localhost:3000/_next/static/chunks/node_modules_next_dist_1e8vcs8._.js:776
[  133379ms] [LOG] [Fast Refresh] done in 7ms @ http://localhost:3000/_next/static/chunks/node_modules_next_dist_1e8vcs8._.js:776
[  133429ms] [LOG] [Fast Refresh] done in 7ms @ http://localhost:3000/_next/static/chunks/node_modules_next_dist_1e8vcs8._.js:776
[  133478ms] [LOG] [Fast Refresh] done in 7ms @ http://localhost:3000/_next/static/chunks/node_modules_next_dist_1e8vcs8._.js:776
[  133528ms] [LOG] [Fast Refresh] done in 7ms @ http://localhost:3000/_next/static/chunks/node_modules_next_dist_1e8vcs8._.js:776
[  133577ms] [LOG] [Fast Refresh] done in 7ms @ http://localhost:3000/_next/static/chunks/node_modules_next_dist_1e8vcs8._.js:776
[  133630ms] [LOG] [Fast Refresh] done in 7ms @ http://localhost:3000/_next/static/chunks/node_modules_next_dist_1e8vcs8._.js:776
[  133678ms] [LOG] [Fast Refresh] done in 7ms @ http://localhost:3000/_next/static/chunks/node_modules_next_dist_1e8vcs8._.js:776
[  133729ms] [LOG] [Fast Refresh] done in 7ms @ http://localhost:3000/_next/static/chunks/node_modules_next_dist_1e8vcs8._.js:776
[  133779ms] [LOG] [Fast Refresh] done in 7ms @ http://localhost:3000/_next/static/chunks/node_modules_next_dist_1e8vcs8._.js:776
[  133829ms] [LOG] [Fast Refresh] done in 7ms @ http://localhost:3000/_next/static/chunks/node_modules_next_dist_1e8vcs8._.js:776
[  133880ms] [LOG] [Fast Refresh] done in 7ms @ http://localhost:3000/_next/static/chunks/node_modules_next_dist_1e8vcs8._.js:776
[  133943ms] [LOG] [Fast Refresh] done in 7ms @ http://localhost:3000/_next/static/chunks/node_modules_next_dist_1e8vcs8._.js:776
[  134012ms] [LOG] [Fast Refresh] done in 7ms @ http://localhost:3000/_next/static/chunks/node_modules_next_dist_1e8vcs8._.js:776
[  134066ms] [LOG] [Fast Refresh] done in 7ms @ http://localhost:3000/_next/static/chunks/node_modules_next_dist_1e8vcs8._.js:776
[  134161ms] [LOG] [Fast Refresh] done in 7ms @ http://localhost:3000/_next/static/chunks/node_modules_next_dist_1e8vcs8._.js:776
[  134209ms] [LOG] [Fast Refresh] done in 7ms @ http://localhost:3000/_next/static/chunks/node_modules_next_dist_1e8vcs8._.js:776
[  134257ms] [LOG] [Fast Refresh] done in 7ms @ http://localhost:3000/_next/static/chunks/node_modules_next_dist_1e8vcs8._.js:776
[  134311ms] [LOG] [Fast Refresh] done in 7ms @ http://localhost:3000/_next/static/chunks/node_modules_next_dist_1e8vcs8._.js:776
[  134361ms] [LOG] [Fast Refresh] done in 7ms @ http://localhost:3000/_next/static/chunks/node_modules_next_dist_1e8vcs8._.js:776
[  134411ms] [LOG] [Fast Refresh] done in 7ms @ http://localhost:3000/_next/static/chunks/node_modules_next_dist_1e8vcs8._.js:776
[  134461ms] [LOG] [Fast Refresh] done in 7ms @ http://localhost:3000/_next/static/chunks/node_modules_next_dist_1e8vcs8._.js:776
[  134512ms] [LOG] [Fast Refresh] done in 7ms @ http://localhost:3000/_next/static/chunks/node_modules_next_dist_1e8vcs8._.js:776
[  134561ms] [LOG] [Fast Refresh] done in 7ms @ http://localhost:3000/_next/static/chunks/node_modules_next_dist_1e8vcs8._.js:776
[  134612ms] [LOG] [Fast Refresh] done in 7ms @ http://localhost:3000/_next/static/chunks/node_modules_next_dist_1e8vcs8._.js:776
[  134659ms] [LOG] [Fast Refresh] done in 7ms @ http://localhost:3000/_next/static/chunks/node_modules_next_dist_1e8vcs8._.js:776
[  134711ms] [LOG] [Fast Refresh] done in 7ms @ http://localhost:3000/_next/static/chunks/node_modules_next_dist_1e8vcs8._.js:776
[  134761ms] [LOG] [Fast Refresh] done in 7ms @ http://localhost:3000/_next/static/chunks/node_modules_next_dist_1e8vcs8._.js:776
[  134811ms] [LOG] [Fast Refresh] done in 7ms @ http://localhost:3000/_next/static/chunks/node_modules_next_dist_1e8vcs8._.js:776
[  134861ms] [LOG] [Fast Refresh] done in 7ms @ http://localhost:3000/_next/static/chunks/node_modules_next_dist_1e8vcs8._.js:776
[  134911ms] [LOG] [Fast Refresh] done in 7ms @ http://localhost:3000/_next/static/chunks/node_modules_next_dist_1e8vcs8._.js:776
[  134959ms] [LOG] [Fast Refresh] done in 7ms @ http://localhost:3000/_next/static/chunks/node_modules_next_dist_1e8vcs8._.js:776
[  135009ms] [LOG] [Fast Refresh] done in 7ms @ http://localhost:3000/_next/static/chunks/node_modules_next_dist_1e8vcs8._.js:776
[  135079ms] [LOG] [Fast Refresh] done in 7ms @ http://localhost:3000/_next/static/chunks/node_modules_next_dist_1e8vcs8._.js:776
[  135127ms] [LOG] [Fast Refresh] done in 7ms @ http://localhost:3000/_next/static/chunks/node_modules_next_dist_1e8vcs8._.js:776
[  135176ms] [LOG] [Fast Refresh] done in 7ms @ http://localhost:3000/_next/static/chunks/node_modules_next_dist_1e8vcs8._.js:776
[  135227ms] [LOG] [Fast Refresh] done in 7ms @ http://localhost:3000/_next/static/chunks/node_modules_next_dist_1e8vcs8._.js:776
[  135278ms] [LOG] [Fast Refresh] done in 7ms @ http://localhost:3000/_next/static/chunks/node_modules_next_dist_1e8vcs8._.js:776
[  135327ms] [LOG] [Fast Refresh] done in 7ms @ http://localhost:3000/_next/static/chunks/node_modules_next_dist_1e8vcs8._.js:776
[  135375ms] [LOG] [Fast Refresh] done in 7ms @ http://localhost:3000/_next/static/chunks/node_modules_next_dist_1e8vcs8._.js:776
[  135426ms] [LOG] [Fast Refresh] done in 7ms @ http://localhost:3000/_next/static/chunks/node_modules_next_dist_1e8vcs8._.js:776
[  135476ms] [LOG] [Fast Refresh] done in 7ms @ http://localhost:3000/_next/static/chunks/node_modules_next_dist_1e8vcs8._.js:776
[  135528ms] [LOG] [Fast Refresh] done in 7ms @ http://localhost:3000/_next/static/chunks/node_modules_next_dist_1e8vcs8._.js:776
[  135577ms] [LOG] [Fast Refresh] done in 7ms @ http://localhost:3000/_next/static/chunks/node_modules_next_dist_1e8vcs8._.js:776
[  135625ms] [LOG] [Fast Refresh] done in 7ms @ http://localhost:3000/_next/static/chunks/node_modules_next_dist_1e8vcs8._.js:776
[  135673ms] [LOG] [Fast Refresh] done in 7ms @ http://localhost:3000/_next/static/chunks/node_modules_next_dist_1e8vcs8._.js:776
[  135722ms] [LOG] [Fast Refresh] done in 7ms @ http://localhost:3000/_next/static/chunks/node_modules_next_dist_1e8vcs8._.js:776
[  135776ms] [LOG] [Fast Refresh] done in 7ms @ http://localhost:3000/_next/static/chunks/node_modules_next_dist_1e8vcs8._.js:776
[  135827ms] [LOG] [Fast Refresh] done in 7ms @ http://localhost:3000/_next/static/chunks/node_modules_next_dist_1e8vcs8._.js:776
[  135878ms] [LOG] [Fast Refresh] done in 7ms @ http://localhost:3000/_next/static/chunks/node_modules_next_dist_1e8vcs8._.js:776
[  135926ms] [LOG] [Fast Refresh] done in 7ms @ http://localhost:3000/_next/static/chunks/node_modules_next_dist_1e8vcs8._.js:776
[  135979ms] [LOG] [Fast Refresh] done in 7ms @ http://localhost:3000/_next/static/chunks/node_modules_next_dist_1e8vcs8._.js:776
[  136059ms] [LOG] [Fast Refresh] done in 7ms @ http://localhost:3000/_next/static/chunks/node_modules_next_dist_1e8vcs8._.js:776
[  136111ms] [LOG] [Fast Refresh] done in 7ms @ http://localhost:3000/_next/static/chunks/node_modules_next_dist_1e8vcs8._.js:776
[  136164ms] [LOG] [Fast Refresh] done in 7ms @ http://localhost:3000/_next/static/chunks/node_modules_next_dist_1e8vcs8._.js:776
[  136216ms] [LOG] [Fast Refresh] done in 7ms @ http://localhost:3000/_next/static/chunks/node_modules_next_dist_1e8vcs8._.js:776
[  136266ms] [LOG] [Fast Refresh] done in 7ms @ http://localhost:3000/_next/static/chunks/node_modules_next_dist_1e8vcs8._.js:776
[  136316ms] [LOG] [Fast Refresh] done in 7ms @ http://localhost:3000/_next/static/chunks/node_modules_next_dist_1e8vcs8._.js:776
[  136379ms] [LOG] [Fast Refresh] done in 7ms @ http://localhost:3000/_next/static/chunks/node_modules_next_dist_1e8vcs8._.js:776
[  136431ms] [LOG] [Fast Refresh] done in 7ms @ http://localhost:3000/_next/static/chunks/node_modules_next_dist_1e8vcs8._.js:776
[  136479ms] [LOG] [Fast Refresh] done in 7ms @ http://localhost:3000/_next/static/chunks/node_modules_next_dist_1e8vcs8._.js:776
[  136531ms] [LOG] [Fast Refresh] done in 7ms @ http://localhost:3000/_next/static/chunks/node_modules_next_dist_1e8vcs8._.js:776
[  136580ms] [LOG] [Fast Refresh] done in 7ms @ http://localhost:3000/_next/static/chunks/node_modules_next_dist_1e8vcs8._.js:776
[  136630ms] [LOG] [Fast Refresh] done in 7ms @ http://localhost:3000/_next/static/chunks/node_modules_next_dist_1e8vcs8._.js:776
[  136703ms] [LOG] [Fast Refresh] done in 7ms @ http://localhost:3000/_next/static/chunks/node_modules_next_dist_1e8vcs8._.js:776
[  136761ms] [LOG] [Fast Refresh] done in 7ms @ http://localhost:3000/_next/static/chunks/node_modules_next_dist_1e8vcs8._.js:776
[  136815ms] [LOG] [Fast Refresh] done in 7ms @ http://localhost:3000/_next/static/chunks/node_modules_next_dist_1e8vcs8._.js:776
[  136881ms] [LOG] [Fast Refresh] done in 7ms @ http://localhost:3000/_next/static/chunks/node_modules_next_dist_1e8vcs8._.js:776
[  136945ms] [LOG] [Fast Refresh] done in 7ms @ http://localhost:3000/_next/static/chunks/node_modules_next_dist_1e8vcs8._.js:776
[  136995ms] [LOG] [Fast Refresh] done in 7ms @ http://localhost:3000/_next/static/chunks/node_modules_next_dist_1e8vcs8._.js:776
[  137044ms] [LOG] [Fast Refresh] done in 7ms @ http://localhost:3000/_next/static/chunks/node_modules_next_dist_1e8vcs8._.js:776
[  137093ms] [LOG] [Fast Refresh] done in 7ms @ http://localhost:3000/_next/static/chunks/node_modules_next_dist_1e8vcs8._.js:776
[  137144ms] [LOG] [Fast Refresh] done in 7ms @ http://localhost:3000/_next/static/chunks/node_modules_next_dist_1e8vcs8._.js:776
[  137195ms] [LOG] [Fast Refresh] done in 7ms @ http://localhost:3000/_next/static/chunks/node_modules_next_dist_1e8vcs8._.js:776
[  137243ms] [LOG] [Fast Refresh] done in 7ms @ http://localhost:3000/_next/static/chunks/node_modules_next_dist_1e8vcs8._.js:776
[  137292ms] [LOG] [Fast Refresh] done in 7ms @ http://localhost:3000/_next/static/chunks/node_modules_next_dist_1e8vcs8._.js:776
[  137344ms] [LOG] [Fast Refresh] done in 7ms @ http://localhost:3000/_next/static/chunks/node_modules_next_dist_1e8vcs8._.js:776
[  137392ms] [LOG] [Fast Refresh] done in 7ms @ http://localhost:3000/_next/static/chunks/node_modules_next_dist_1e8vcs8._.js:776
[  137442ms] [LOG] [Fast Refresh] done in 7ms @ http://localhost:3000/_next/static/chunks/node_modules_next_dist_1e8vcs8._.js:776
[  137508ms] [LOG] [Fast Refresh] done in 7ms @ http://localhost:3000/_next/static/chunks/node_modules_next_dist_1e8vcs8._.js:776
[  137559ms] [LOG] [Fast Refresh] done in 7ms @ http://localhost:3000/_next/static/chunks/node_modules_next_dist_1e8vcs8._.js:776
[  137609ms] [LOG] [Fast Refresh] done in 7ms @ http://localhost:3000/_next/static/chunks/node_modules_next_dist_1e8vcs8._.js:776
[  137657ms] [LOG] [Fast Refresh] done in 7ms @ http://localhost:3000/_next/static/chunks/node_modules_next_dist_1e8vcs8._.js:776
[  137709ms] [LOG] [Fast Refresh] done in 7ms @ http://localhost:3000/_next/static/chunks/node_modules_next_dist_1e8vcs8._.js:776
[  137758ms] [LOG] [Fast Refresh] done in 7ms @ http://localhost:3000/_next/static/chunks/node_modules_next_dist_1e8vcs8._.js:776
[  137806ms] [LOG] [Fast Refresh] done in 7ms @ http://localhost:3000/_next/static/chunks/node_modules_next_dist_1e8vcs8._.js:776
[  137855ms] [LOG] [Fast Refresh] done in 7ms @ http://localhost:3000/_next/static/chunks/node_modules_next_dist_1e8vcs8._.js:776
[  137909ms] [LOG] [Fast Refresh] done in 7ms @ http://localhost:3000/_next/static/chunks/node_modules_next_dist_1e8vcs8._.js:776
[  137959ms] [LOG] [Fast Refresh] done in 7ms @ http://localhost:3000/_next/static/chunks/node_modules_next_dist_1e8vcs8._.js:776
[  138022ms] [LOG] [Fast Refresh] done in 7ms @ http://localhost:3000/_next/static/chunks/node_modules_next_dist_1e8vcs8._.js:776
[  138074ms] [LOG] [Fast Refresh] done in 7ms @ http://localhost:3000/_next/static/chunks/node_modules_next_dist_1e8vcs8._.js:776
[  138126ms] [LOG] [Fast Refresh] done in 7ms @ http://localhost:3000/_next/static/chunks/node_modules_next_dist_1e8vcs8._.js:776
[  138192ms] [LOG] [Fast Refresh] done in 7ms @ http://localhost:3000/_next/static/chunks/node_modules_next_dist_1e8vcs8._.js:776
[  138240ms] [LOG] [Fast Refresh] done in 7ms @ http://localhost:3000/_next/static/chunks/node_modules_next_dist_1e8vcs8._.js:776
[  138291ms] [LOG] [Fast Refresh] done in 7ms @ http://localhost:3000/_next/static/chunks/node_modules_next_dist_1e8vcs8._.js:776
[  138342ms] [LOG] [Fast Refresh] done in 7ms @ http://localhost:3000/_next/static/chunks/node_modules_next_dist_1e8vcs8._.js:776
[  138392ms] [LOG] [Fast Refresh] done in 7ms @ http://localhost:3000/_next/static/chunks/node_modules_next_dist_1e8vcs8._.js:776
[  138441ms] [LOG] [Fast Refresh] done in 7ms @ http://localhost:3000/_next/static/chunks/node_modules_next_dist_1e8vcs8._.js:776
[  138491ms] [LOG] [Fast Refresh] done in 7ms @ http://localhost:3000/_next/static/chunks/node_modules_next_dist_1e8vcs8._.js:776
[  138541ms] [LOG] [Fast Refresh] done in 7ms @ http://localhost:3000/_next/static/chunks/node_modules_next_dist_1e8vcs8._.js:776
[  138609ms] [LOG] [Fast Refresh] done in 7ms @ http://localhost:3000/_next/static/chunks/node_modules_next_dist_1e8vcs8._.js:776
[  138658ms] [LOG] [Fast Refresh] done in 7ms @ http://localhost:3000/_next/static/chunks/node_modules_next_dist_1e8vcs8._.js:776
[  138716ms] [LOG] [Fast Refresh] done in 7ms @ http://localhost:3000/_next/static/chunks/node_modules_next_dist_1e8vcs8._.js:776
[  138773ms] [LOG] [Fast Refresh] done in 7ms @ http://localhost:3000/_next/static/chunks/node_modules_next_dist_1e8vcs8._.js:776
[  138840ms] [LOG] [Fast Refresh] done in 7ms @ http://localhost:3000/_next/static/chunks/node_modules_next_dist_1e8vcs8._.js:776
[  138891ms] [LOG] [Fast Refresh] done in 7ms @ http://localhost:3000/_next/static/chunks/node_modules_next_dist_1e8vcs8._.js:776
[  138941ms] [LOG] [Fast Refresh] done in 7ms @ http://localhost:3000/_next/static/chunks/node_modules_next_dist_1e8vcs8._.js:776
[  138989ms] [LOG] [Fast Refresh] done in 7ms @ http://localhost:3000/_next/static/chunks/node_modules_next_dist_1e8vcs8._.js:776
[  139040ms] [LOG] [Fast Refresh] done in 7ms @ http://localhost:3000/_next/static/chunks/node_modules_next_dist_1e8vcs8._.js:776
[  139091ms] [LOG] [Fast Refresh] done in 7ms @ http://localhost:3000/_next/static/chunks/node_modules_next_dist_1e8vcs8._.js:776
[  139140ms] [LOG] [Fast Refresh] done in 7ms @ http://localhost:3000/_next/static/chunks/node_modules_next_dist_1e8vcs8._.js:776
[  139191ms] [LOG] [Fast Refresh] done in 7ms @ http://localhost:3000/_next/static/chunks/node_modules_next_dist_1e8vcs8._.js:776
[  139242ms] [LOG] [Fast Refresh] done in 7ms @ http://localhost:3000/_next/static/chunks/node_modules_next_dist_1e8vcs8._.js:776
[  139291ms] [LOG] [Fast Refresh] done in 7ms @ http://localhost:3000/_next/static/chunks/node_modules_next_dist_1e8vcs8._.js:776
[  139345ms] [LOG] [Fast Refresh] done in 7ms @ http://localhost:3000/_next/static/chunks/node_modules_next_dist_1e8vcs8._.js:776
[  139391ms] [LOG] [Fast Refresh] done in 7ms @ http://localhost:3000/_next/static/chunks/node_modules_next_dist_1e8vcs8._.js:776
[  139440ms] [LOG] [Fast Refresh] done in 7ms @ http://localhost:3000/_next/static/chunks/node_modules_next_dist_1e8vcs8._.js:776
[  139489ms] [LOG] [Fast Refresh] done in 7ms @ http://localhost:3000/_next/static/chunks/node_modules_next_dist_1e8vcs8._.js:776
[  139541ms] [LOG] [Fast Refresh] done in 7ms @ http://localhost:3000/_next/static/chunks/node_modules_next_dist_1e8vcs8._.js:776
[  139591ms] [LOG] [Fast Refresh] done in 7ms @ http://localhost:3000/_next/static/chunks/node_modules_next_dist_1e8vcs8._.js:776
[  139641ms] [LOG] [Fast Refresh] done in 7ms @ http://localhost:3000/_next/static/chunks/node_modules_next_dist_1e8vcs8._.js:776
[  139691ms] [LOG] [Fast Refresh] done in 7ms @ http://localhost:3000/_next/static/chunks/node_modules_next_dist_1e8vcs8._.js:776
[  139740ms] [LOG] [Fast Refresh] done in 7ms @ http://localhost:3000/_next/static/chunks/node_modules_next_dist_1e8vcs8._.js:776
[  139790ms] [LOG] [Fast Refresh] done in 7ms @ http://localhost:3000/_next/static/chunks/node_modules_next_dist_1e8vcs8._.js:776
[  139845ms] [LOG] [Fast Refresh] done in 7ms @ http://localhost:3000/_next/static/chunks/node_modules_next_dist_1e8vcs8._.js:776
[  139892ms] [LOG] [Fast Refresh] done in 7ms @ http://localhost:3000/_next/static/chunks/node_modules_next_dist_1e8vcs8._.js:776
[  139955ms] [LOG] [Fast Refresh] done in 7ms @ http://localhost:3000/_next/static/chunks/node_modules_next_dist_1e8vcs8._.js:776
[  140004ms] [LOG] [Fast Refresh] done in 7ms @ http://localhost:3000/_next/static/chunks/node_modules_next_dist_1e8vcs8._.js:776
[  140051ms] [LOG] [Fast Refresh] done in 7ms @ http://localhost:3000/_next/static/chunks/node_modules_next_dist_1e8vcs8._.js:776
[  140107ms] [LOG] [Fast Refresh] done in 7ms @ http://localhost:3000/_next/static/chunks/node_modules_next_dist_1e8vcs8._.js:776
[  140157ms] [LOG] [Fast Refresh] done in 7ms @ http://localhost:3000/_next/static/chunks/node_modules_next_dist_1e8vcs8._.js:776
[  140221ms] [LOG] [Fast Refresh] done in 7ms @ http://localhost:3000/_next/static/chunks/node_modules_next_dist_1e8vcs8._.js:776
